amount,value
26616.99158,0.24731120660525563
0.222569,0.24885620838596997
502.79919299999995,562.1838654507391
0.01876639,582.072310599891
12.306082794825986,22.38537106470243
23.706877,26.506851910610006
3285.083188,39.9918512385572
35.572357,39.77374156496241
0.175787,1.6558892607485567
1.380963,1.54406595752919
24.22767845059047,44.071341075389824
297.249998,27.94996133781641
66.31410199999999,74.14633657984926
0.17751224224765566,0.3229035166992234
0.341018,0.38129499827634
0.281289,0.3886345449665048
0.161882,0.16188200146016685
11.639951,13.01472384590163
400.224612,12.846507922003306
14.70311,0.4469646208402345
0.327789,0.36650354582457
1.760528564338299,0.36487575389311905
0.70133,0.7841627748129
24.50856,0.7866817800722694
0.416999,3.9280729851632223
116.018073,3.7239766101392533
0.521787,0.58341428682831
0.585667,0.5856670052826846
5.124998,5.73030193003374
5.810169551430459,5.78123796838423
0.013883,0.015522695168789999
0.015620122116934995,0.015542342138877887
0.409743,0.45813697951059
0.459562,0.4595620041452243
1.129371,0.39440779037707474
0.345486,0.38629070540118
1.024995,0.0963787075330952
0.082206,0.09191519693478
1.9259881481800916,3.5034673569202233
3.694781,4.13116467466953
0.296293,0.33128761216208996
11.062964,0.3363066391824017
5.2275,0.4915338061446691
0.394619,0.44122671215247
0.013244,0.01480822407372
0.0153391250010421,0.015262744240567585
1.0427242343012373,1.8967667690977026
1.825622,2.04124280050686
14.349987,1.3493072650858962
1.082923,1.2108250104639902
0.063282,0.07075611868266
2.40875,0.0732243743295748
0.026679,0.029830006800270002
0.030774,0.03077400027757981
1296.473348,1.8547743574092561
1.607543,1.7974068976245898
0.148019,1.3943185359937915
1.155629,1.29211818016377
3.353412879197264,6.100023288120936
5.868053,6.56111776657089
0.022919,0.02562592023147
0.813199,0.026102261286382773
0.5273939481445359,0.9593555823838261
1.012937,1.1325730948778099
0.056875,0.019586256943443337
0.016374,0.01830790252062
0.020250084,0.0008001606307836204
0.0007,0.000782675691
319.800392,0.015003696710709355
0.013053,0.01459466542089
0.257781,0.28822703185952997
0.297827,0.29782700268638335
0.730543,0.8168260676145901
0.820002,0.8200020073963735
3.790513087,0.009324047698781415
0.008242,0.009215447207459999
1.606752,15.135381919517739
12.565512,14.04960112481256
1.899625,2.1239861564512497
1.67075,2.1782561424721076
4.0385,38.04211221269517
3.067933,11.45689802270424
44.243116,49.468587696133085
3.7057317542715613,6.740908684646355
6.00574,6.7150667206662
102.499995,9.637917297400202
8.765869,9.801189395414971
0.000431,0.0001505171973182588
0.00096,0.00033059879851790076
0.001287,0.00143900516331
0.033474,0.0010175870083272182
0.310127,2.921353506050889
2.421622,2.70763524598686
0.146809,0.16414833645717
5.227182,0.16778337203498392
0.010707,0.003739182440108113
0.051324999999999996,0.05738689977224999
0.2168662863044659,0.04494630266853068
0.290132,0.008819816989304908
5.425522,6.06632025769386
6.091728,6.091728054947056
0.466863,0.52200331589619
16.383099,0.5258687366544675
4.994039,5.5838756074370695
0.00324494,5.913867541380248
1.024995,9.655311330308653
2.049995,7.655507360184716
14.462363,16.17048564931119
4.203174,4.69960302120462
0.00015566,4.828066339236211
6028.821831,0.2828471025614861
5.229466,5.847108450158581
15.283456,0.4905721254833497
0.002903370766527986,5.291361361615976
0.058052,0.06490841316276
0.065565,0.06556500059139274
0.292544,2.7557240745699385
2.905445,3.2486016757678495
21.877366,0.7022250686361232
2.792882,3.12274407033066
0.00010471,3.2477632428460983
0.765265,7.208690603552846
5.991926,6.69962117495838
149.9206248233481,23.131443305747997
19.527631,21.834002980740028
23593.45,1.106905985779047
0.962995,1.07673253864935
0.008122,0.0765081182101053
0.064165,0.07174340816145
22.664327,25.34116827967851
851.638241,25.889227753965603
0.116709,0.13049328174417
4.36e-06,0.13523300294918333
0.014112,0.004928303221705958
0.018871,0.006498677007115942
2.698174,0.0010498337308701522
0.010806,0.01208227645278
0.032199,0.036001963677869994
1.19e-06,0.036909925116864264
1.260035,11.869355667184191
9.859716,11.02422861909108
76.962904,86.05284867080951
0.04830698679165032,88.03895332703384
0.8208024168935455,1.4930800466166056
1.375177,1.53759658388901
0.782563,0.009526742943715994
1.559183,1.74333518845779
0.6503457548889654,0.1347864513038953
0.280855,0.009014952789645628
1.649339,1.6493390148769482
0.65682615,0.11685447897725017
0.102295,0.11437687115834999
8.571289,80.74035853545618
67.771352,75.77569965229175
1.622136,1.81372344956568
1.834922,1.8349220165508968
105.49566469000001,18.76849898821574
16.486652,18.43385963768076
0.449811,4.237157493253592
3.6244750000000003,4.05255496448175
3.656803,0.11737696108680457
11.568531,12.93486856325703
0.00043253,13.41567219394731
2.065575,2.3095362006247497
2.419674,2.4196740218253283
0.099839,0.11163079759106999
6.4152417801209e-05,0.11691707746079567
12.515588,13.99378069453044
0.00046908,14.549334179679569
0.7594013123112033,1.3813884114493025
1.328476,1.48537981610988
262.183827,293.1498685232135
304.789575,304.7895777491854
20.89974702986395,38.01766981598896
34.752235,38.85675648917055
10.741036,12.00963967622268
0.00040249,12.483929210324956
168.102769,187.95707269441195
191.28766516852454,190.335153383532
41.27490354,7.343126256472824
6.44711,7.2085661060043
0.327537,0.11279514444808089
22.26628,0.008663596864027099
0.289505,0.32369789417565
7.030834,0.21373260847539252
1.554941,1.7385921737703298
55.041821,1.7667458929736883
5.110120467618405,9.295560964457678
9.454948,10.57165422752724
2.05,0.19275835535085062
0.174578,0.19519708111914
0.785591,7.400158716177644
6.165616,6.893825376058079
41.684204,46.60744738497852
0.00156156,48.43450644158871
12.482422,13.95669752029086
0.000463,14.360752377401809
7.543905684086262,13.722736213540706
13.972482999999999,15.62274683858679
0.000756,0.00026401624401996206
0.017344,0.0002893080764045448
0.001392741,5.503268613988022e-05
0.002548,0.0008774643110662615
1759.455727,0.01634794516521755
0.233492,9.084950692147119e-05
0.019883,0.00041563965191441214
0.6149936941280306,1.118703837365393
0.015321,0.00018651434918424807
12.75659,0.0005984858437036182
1.156407,1.2929880682889097
0.011842,0.0008848449895693113
2.972434,0.09540991679100427
0.003122,0.00012139671816630794
0.00781,0.0006143022237254829
1.512398,2.08955952254888
0.855969,0.8559690077207939
4.420507,1.5223065656666352
1.178748,4.401919999708786
11.695246,1.0996860411627387
8.630986,9.65037561651618
271.61475000002616,3.0791546036378064
10.362828,0.3326285990536676
18.43792453977557,33.53949338447428
34.480881,38.553353375662525
22.549843,212.41640653328184
177.084611,197.99974325698741
1.290971,1.4434451706942302
4.769e-05,1.479188511616182
0.002106,0.01983822912465916
0.016452,0.01839511495476
0.2923321957399567,0.5317666705890782
0.472331,0.52811713115103
0.516855,0.57789977753115
0.5859861061020246,0.5830682040438216
0.09225,0.016411992253431637
0.014317,0.01600795409721
28.1413989591507,51.190591554063
52.398428,58.58710834601964
0.239318,0.26758340145534
0.276744,0.27674400249621584
0.364394609,0.014398667195236853
13430.664858,0.12479073457868164
18.093858,0.3782389398435247
0.51549,0.5763735599336999
2.038286,0.06542540478822034
0.23701310211157287,0.431138513077003
0.460741,0.51515825792433
0.956169,1.06910033255397
3.582e-05,1.11101976276141
27.727171,0.24022841635612455
3.085854,0.24272048326404302
0.8322269999999999,1.1498215765772546
0.477801,0.4778010043097391
0.41,0.4584243333
0.4591346264528758,0.4568483779265569
38.659839,43.22588029039107
0.00142838,44.303696502879475
0.065933,0.07372022333529
2.46e-06,0.07630118973738327
4.837578,5.40893529130914
0.00312066,5.687368605177194
0.629753,0.70413194919189
0.735485848693728,0.731823516687329
0.1710184,0.03042550304600838
0.026646,0.02979310923198
7.478629,70.4476522508645
61.377257,68.62641004879941
95.858517,0.0008906673555276532
0.015347000000000001,0.01715960547111
0.517663,0.01661607415195145
1.210493,11.402676869798691
9.51965,10.6439980597545
0.075413,0.02633631879666322
1.002527,1.12093358924451
1.121432,1.1214320101152557
6.149998,6.87636276328374
5.448938,7.104104544934719
1256.291335,0.05893993454089376
0.296272,0.33126413189136
3.927598,0.12606900552493844
5.02e-06,0.15570405385433497
12.99215,14.5266285411795
0.008090841099347589,14.745469118041315
7.686859,72.40915009066876
60.012737,67.10072914325181
0.22373,0.2501543319249
0.196715,0.2564690450793959
78.578723,87.85950903131798
91.31468029413762,90.85998129905937
11.433936,12.784376799499679
61.52105736252354,12.750456107418847
40.169373,44.91370252830249
0.00150516,46.68516209151211
2.5640709975712035,4.6641715055749176
5.1836839999999995,5.79591922375092
117.68429078418897,1.334125358596876
0.291074,2.7418768776025835
2.280959,2.55035880209667
66.535809,248.47152091363367
211.844257,236.8647860455094
105.1242807,18.70242688884524
16.052062,17.947941025464058
6.036228,56.860434051606425
47.126243,52.69223543465559
0.27663245,0.04921506370133132
0.043079,0.04816698013227
0.124266,0.04339714626902725
0.038166,0.042673714889579994
1.5025211880074048,2.733160087324025
2.656388,2.9701290192344403
13.563945,1.2753969415948263
1.022955,1.14377430212415
0.87445,0.9777296542784999
30.963335,0.9938687338127578
0.516739,0.5777700769880699
1.919e-05,0.5952113134391809
0.226124,0.25283108278812
8.43411,0.25639125180147804
3.969381,1.3669506140206076
1.189697,1.33020988793661
9.181836,10.26628547992668
0.00033934,10.525221839627495
9.942498,11.11678784630874
8.405558,11.61328814322481
22.843192,25.541158690350958
26.435597,26.43559723844765
0.24271147,0.043180257620151825
0.038341,0.04286938381233
0.076873,0.7241330424975896
26.174018,29.26538232056634
0.00095657,29.669686612637687
1.024993,0.09637851947616315
0.08638,0.09658218026939999
0.278167,2.6202947202844564
2.192904,2.45190379070952
0.465925,0.52095453047025
2.507052040053541,0.5195953770324849
0.339506,0.46906832412002664
0.190774,0.1907740017207711
54.5794,61.025670870522
64.011351,64.01135157737892
2.357498,22.20730554839778
18.40555,20.5793950921215
5.880487,2.02508535093764
18479.366248,0.866974567658163
39.975,3.7587879293415876
12.521792999999999,14.00071855547709
20.317468174396645,4.21086693365794
62.525,2.0069428109615024
42.712994,1.2984461905107973
1.415397,1.58256689287761
50.224975,1.6121335866768685
0.058687,0.5528234343014589
0.460558,0.51495364413654
0.177358,0.19830542172053997
0.000111396433638487,0.2030187778880864
13.980377,15.63157318416501
16.19246062157093,16.111830699320137
0.000456,0.003155973098474843
0.0028,0.003130702764
3.7085032999999976,0.04204136560624888
2.42380963,0.4312145785512521
0.377867,0.42249616475871
1.024998,9.655339589894298
2.489599,9.297165831335446
16.143172,18.04981185718836
94.194695,105.31985428237036
107.619134,107.61913497071873
28.61521172535101,52.052480325934944
46.736903,52.25691121532139
8.958354,10.01640843881802
7.4405903681511445,13.534800562331943
13.837498,15.47181901265874
6.150013,57.93227303591286
48.592296,54.331441212966475
1.435007,1.6044929933069099
19.209724,1.5109572561271163
0.024089,0.2269150528888483
0.189251,0.21160308171063
0.245805,0.27483656889464997
8.89e-06,0.275738852343633
3.849943,4.30465256833659
143.722645,4.36907140928556
0.536898,0.60031001878074
67.533238,0.5851084777506241
14.363888,16.060379951209438
16.693915867851334,16.61078896268579
0.233097,0.26062765077861
0.27038065180733883,0.2690342986221841
33.307708,37.24161910646604
29.724998,38.75424778002162
0.846506,7.973969602753432
6.650061,7.43548726909593
1.1732553569179767,2.1342093138932254
2.173294,2.4299776902802197
7.412506,27.681284217968027
23.458244,26.22885333192372
211.355,1462.7866101494526
1294.690968,1447.60449715837
5.817707,2.0317052261225412
1.77993,1.9901542038309
1.101685,0.023029923548726506
0.020065,0.02243483962845
2.460429,2.75102566818777
9.223e-05,2.860674280275959
0.190714,0.21323887390482
1.488479,0.047777564627223774
0.172068,0.17206800155204402
0.14415,0.003013350893902455
0.002622,0.00293167951686
3.136837,3.50732295218481
1.027549,0.07677939403706775
3.598546,3.5985460324586893
2.225006,2.48779729789878
8.255e-05,2.5604322003337354
4.585927,5.12756226228651
0.00016947,5.25640757105461
0.766489,0.26395869008040335
0.225837,0.25251018575481
0.049688,0.4680540972203535
0.38947,0.4354695733911
0.195022,1.8370803040594867
1.5427,1.724905412151
520.7999,582.310602293187
0.019499250000000003,604.8032414579963
0.868792,0.97140339847896
32.384105,0.9844549358996388
0.027293,0.25709629036055204
0.21303,0.2381905749339
0.717498,6.75873206100888
0.42213112216036525,0.7678773144198261
1.7706629999999999,6.612369117440164
3.957033,4.42439076797829
0.30618,0.3423423472434
0.34343,0.34343000309772
16.908304,18.90531216691152
19.685195,19.68519517755939
47.146859805398755,85.76246144899102
240.479367,268.8819353399537
94.41767205431364,93.94752179520486
0.05132740089704495,93.54362488934943
7.455688,70.23155119941683
58.306774,65.19327804347262
2.2004296124384597,4.0026899052641065
4.26999,4.7743105340187
0.013674,0.12880719138204624
0.3075,0.10589492765026508
10.249998,0.9637915886973212
1.126786,1.25986858737018
2.049998,0.0658013394415907
1.32225,0.10400270362625091
1.217599,1.3614073409798702
4.498e-05,1.3951331359298778
9.471953,10.590667656277889
11.106919231039699,11.051612625393144
10.249991,0.963790930498059
0.873734,0.97692908885742
18.499014,174.25815684343664
145.41455,162.5891905752915
9.476702999999999,10.595978669895388
353.53975099999997,10.747369825680819
247.197307,0.002296828478154397
3.473633,3.88389729793629
2.031501,0.1517955988139711
124.4965,3.7846095770511305
10104.08639,87.5418798475752
1120.098443,88.10230016982729
0.020071,0.13891126328835213
0.188058,0.21026917871154
0.962183,0.07189518718111541
0.592322,0.66228004377786
22.108312,0.672077763853879
28.782,32.18138819766
33.69900939561102,33.531206084489966
1.5684,1.753640791092
5.877e-05,1.8228540328723637
0.428525,0.5920587665417826
0.25358,0.25358000228727784
1.0502260824488845,1.9104130005798066
1.859688,2.07933227206344
0.052291,0.01800764768052036
0.376562,0.42103703364906
1.9459819942265053,0.4033116312842689
0.310404,2.9239628077923565
6.622408999999999,7.40456934308517
4.72635,4.72635004263142
5147.73195,0.04783004104759631
0.044823,0.05011696071099
3.33278,31.394327284939017
26.35181,29.4641730012153
54.500397999999926,0.6178425560532935
1348.375198,1507.6292711741596
0.05039195,1562.9942025149312
0.201035,0.22477886791454998
7.142232,0.22925311741893953
0.193158,0.06651854450429237
0.055756,0.062341236896279996
164.81538697667963,299.8073112425917
308.300017,344.7127554868382
0.199252,0.06861715812738413
2885.32787,0.135367514722862
0.282916,0.31633067970707995
3.819413,0.12259645681635994
0.003975,0.03744395098315298
0.031285,0.03498001284705
0.341845,0.38221967369985
1.28e-05,0.39701432058475844
2.986505,11.152813059899392
9.669005,10.81099309951065
36.843522,12.866783458871481
2.19214,20.649656027222385
22.297552,24.93107417029776
9.892226,12.897083374066911
24.96801669469361,24.843689126950892
0.030002,0.010477533535829234
0.236892,0.26487087113196
8.113484,0.26042860272932705
6.358184,7.109137222435919
239.035879,7.2665293957841
37.140895,41.52753665497635
0.00139265,43.19546824705968
8.594037,9.60906263922081
0.0003221,9.990493176589899
57.194992,5.377957362061005
4.879065,5.45532224329845
60.003225,20.954796420085565
18.321518,20.48543822974134
1.606871098778727,2.9229777175261193
3.157975,3.5309575218367497
2.508807,9.368896243055683
7.98128,8.9239340558064
9.471335,10.58997666545355
0.00035107,10.889048244350871
4.677678,5.23014980132214
0.00017558,5.445919875646242
298533.84073,2.7738207806668096
3.081743,3.44572190287059
1.942138,0.6688213430791237
0.582095,0.65084515193235
0.022974,0.08579417320182911
0.072719,0.08130770510547
0.750281,0.83889528588453
2.809e-05,0.8712603332207708
1.1772170464187626,2.141415822332736
2.016718,2.25490879171734
0.17345,0.059731626669718624
3698.199998,0.17350407483408573
0.782422,0.87483239929086
20.499128,0.65798604671059
1.969115,0.6876697702954596
1.3078759999999998,1.46234678863188
24.948685,0.8008090204509088
10.229325,11.437491446912249
0.00038307,11.881584045812767
127097.302484,5.9628738016657055
5.188091,5.80084672627983
2.933591,0.27584106167417427
0.235193,0.26297120541909
0.132555,0.14821082317215
4.685879,0.1504084953552255
0.802942,0.89777597811846
0.000511706427377432,0.9325793486422073
97.55999923,17.356682402249938
15.199047,16.99417801895211
46.123063,51.57057172080219
52.204321,52.20432147088014
0.027472,0.2587824456375292
0.216424,0.24198543392712
3.257931,3.64271913807903
0.00012207,3.786213915139177
18.920506,6.515725573907012
5.469466,6.11545440135858
2.139655,20.155254576316523
17.586277,19.663359290132007
0.130763,1.2317693993484358
2.0502557130045163,3.7295161814146667
0.001496,1.348257419730436
5.074158,5.6734573127045405
0.031139,0.01072345415317595
0.08365,0.0935297450745
2.648747,0.08502013194251655
0.3330493308800888,0.6058331460061551
0.543965,0.6082116889354501
53.57124,0.0004977560279086858
0.000447,0.00049979433411
2.045166,19.26518124689586
17.224938,5.931816465984721
224.114217,7.193673196999859
181.185408,5.507914120788267
1.420421,1.5881842681227298
1.62476,1.624760014655247
328.23,366.9966315099
12597.3131,382.94981628697724
0.92249,8.689728388037432
2.501005,9.339760431298016
15.206769000000001,17.00281204993197
1097.310675,1226.9119868532878
1286.6139914955068,1280.2073317218299
1.940352,0.6682062915643809
5.650187,0.11811304923458917
4115.685443,0.19309074562814632
0.829416,0.9273767727520801
0.014477,0.13637134047373728
0.113441,0.12683930437533
3.819188,14.262386905299351
12.054899,13.47868057822887
113.707562,127.13734951467904
93.55656900000001,93.55656984387517
0.0012661,39.27029931971584
8.630905,9.65028504975765
0.00032049,9.940556219078847
90.42390400000001,101.10370220873952
760.0872220370213,8.616711974962111
0.00313416,97.21143773468177
15.566472,17.404998898617357
0.009827113709354579,17.909806896646746
0.749244904706253,1.3629134054939738
1.284738,1.43647600271994
0.044298,0.4172810416733863
0.347199,0.38820602462786996
5.073748,47.79400538688565
41.358632,46.24342268487816
0.082,0.7724286743694452
1.939527,2.16860090705451
4.782e-05,1.483220688309621
84.831656,94.85096425496327
95.50241680573168,95.02686508930194
0.002318127961904783,0.004216789003282073
0.245282,0.27425179834266
9.224992,0.2804335308335581
3.10796601,0.5529313179409089
0.484823,0.54208453791099
9.736728,10.88671473639864
0.00036566,11.341582536329906
0.069493,4.325334942973148
0.937232,1.0479267188961598
24.369621,2.291438080235879
2.077325,2.32267397115225
32.794926,36.66827338334838
36.797498,36.79749833191143
280.855603,314.02693307035236
0.18091829506331053,329.7216074308821
3.0375692540571277,5.525488168776917
5.659684,6.328138693630921
0.9530118001991394,1.733575430312181
1.766418,1.97504632677834
28.82957,32.2345766014041
0.00107938,33.47885291818567
81.999998,91.68486442378375
91.820436,91.82043682821535
2.455462,2.74547202510606
290.01069421094695,3.287699818156957
36.389765,50.276831878292576
20.890823,20.89082318843409
2.4315,1.6825803712705159
1.482204,1.65726434271852
5.569426,6.22722049003338
74.662864,5.872671368106697
13.325087967022656,24.238991690923477
23.784052,26.59314190554276
0.03625633371810087,0.06595205779588995
0.063336,0.07081649652168
7.1749979999999995,8.02242359653374
11.032821292241739,2.28659112275625
181.436695,5.823799610953455
0.062012,0.5841444750609516
0.153645,0.5737723401059909
2.049999999999927,3.7290510268574257
3.818037,4.268978210340809
2.045684,2.28729591181092
1.184751,1.1847510106863899
3.779e-05,1.172122748038908
0.098151,0.9245688636345781
27.181767,0.8724870351040481
18.566169,20.758984501853966
0.00069531,21.56625212857722
1.708367,16.092581184713485
13.462085,15.05206668525105
0.037389,0.04180494487257
0.043561,0.043561000392917854
0.195839,0.21896917807107
7.33e-06,0.22735273202236558
0.176336,0.19716271521168
6.28436,0.2017169312034231
6.478,61.02186527518616
102.339838,114.42700489068294
59.494568927758515,59.19831732158822
447.545545,500.40431240978086
0.01613335,500.4039835161026
4.615482,5.16060794806866
173.56885,5.27637589801923
2.049994,19.310660340064832
4.990811,18.637699284042565
32.307984000000005,36.12381957430992
18.486566831623325,33.62797611050529
35.260884,39.42548107138692
6.365147,2.22288651266525
6.732736,7.52792685874368
169.944832,5.454930969091728
0.042172,0.3972544153110761
0.329258,0.36814604666754
11.869974,13.27191443228862
0.00044454,13.788183286933478
0.30036,0.3358349579268
0.35117,0.35117000316753433
0.209285,1.9714357940903575
0.362393,1.3533214855545599
2.788868,3.11825598429684
0.00755,0.07111995721328428
0.061545,0.06881396486085001
0.093954,0.8850337033134981
0.9337340000000001,1.04401557665742
7.2e-06,0.22332055532892664
1.607867,1.79776916465871
1.8229563849030195,1.8138790226035855
19.5119,72.86529677447416
143.584202,160.54266359576226
92.609143,92.60914383532945
122.757286,137.25591949333517
0.00460105,142.70958904113303
26.830378,29.99926377277314
30.860728777610202,30.70705860850528
0.818829,0.91553936197977
0.95352,0.9535200086006986
0.030748,0.28964191316477683
0.7109209999999999,0.79488654988773
13.017498,0.4178388489053297
3.8335,0.11653581276281268
0.490106,0.54799150316178
0.549876,0.5498760049598517
2.651088,2.9642030461454403
94.3,3.0268645673517742
24.124901,26.97424794354513
859.663105,27.593677543839956
0.132166,0.14777587910958
0.7110573685683629,0.1473691473532854
0.517985,0.1783804360940571
0.15279,0.1708357411827
0.051561,0.057650773290930005
0.058285,0.05828500052572753
14.353278239606448,26.109320467403254
27.174868,30.384440842476838
3.531878,3.94902150596814
4.0904033740660575,4.070035320455603
0.395196,3.722691736537893
3.115968,3.48398915361984
0.221947,0.24816074512911002
0.254214,0.25421400229299645
0.344247,3.242759193483639
40.607757,45.40386324276441
95.24735,3.0572728403939875
0.00150071,46.547137581621314
1.658512,0.5711479942995006
0.477203,0.5335645539603899
4.881167,1.704639388590193
0.186,1.0966564458906858
30.827894,34.46891891217822
29.622029211814542,6.139270023470018
137.882241,4.425778046128929
12.3,0.3739116987042118
15.558803,21.496355435614223
0.06252,0.0699041202876
2.33e-06,0.07226901304394431
6.177367,6.90696426469371
7.243709173584843,7.207639318537893
0.040998,0.1531030518381035
0.275597,0.30814724630361
5.125,0.16450350909520514
0.006901,8.401119533454057e-05
0.014203,0.01588048977039
0.083594,0.0026832207491326006
0.448277,0.013627318256912841
14.308283137943219,26.02747216005651
23.787682,26.59720063805466
1.039064,1.1617859059903202
132.76904939528154,1.5051333908267392
0.066913,0.023043080630446137
0.019267,0.02154258934071
8.046248,8.99657530479624
9.035961779094961,8.990967450392441
0.07630586,0.003015145273969561
0.020817,0.007168828321611603
0.181997,0.0038045148986303504
0.018354,0.02052175661802
0.226158,0.007259275045844566
7.156892,8.00217913073196
0.00026415,8.193072873629996
19.100884,21.35685369058692
0.012239618927937157,22.30657118368625
1.760643,1.9685892523275899
6.596e-05,2.0458644207633334
0.164046,1.5452906623854876
1.330431,1.4875657175040298
0.251973,2.3735508581328317
1.976144,2.20954267245072
3.824617,4.276335361836209
0.002461671628644367,4.486369529845413
0.105774,0.11826676934262001
6.5857634687794e-05,0.12002481652425709
1.611815,15.183074680229112
12.71331,14.2148552702103
581.717465,650.4230269794904
665.724479,665.7244850047986
20.027918999999997,22.39337906088147
2502.7184045650283,28.372011818300486
369.88080799999994,413.566738555769
431.5475543398087,429.3986748972621
1.233505,0.42478674058939914
127385.974998,1.1836040555768288
1.8447362582798912,3.355666164985365
10473.142498,0.4913560382628704
5.404439,6.04274718398907
4.832157,0.15510376253638225
1.2509035367306014,2.275455179582927
2.101548,2.3497579043852403
0.02564,0.0286682924532
0.389696,0.029118438866340343
42.383527,399.24697043550714
333.98392,373.4301362412696
1.02827,0.35910050692910894
0.885015,8.336719063988712
4.116747,0.0686697506696368
0.635456046,0.025109372909397576
0.772746,0.2661134366244935
140791.653628,1.3081626311537458
0.59449647,0.10576554428544667
4.920165,0.013758032341912573
506.021192,0.19688801237307957
21.755587,0.45478472101160333
425.374836,0.6085542285285511
7.406882568320333,13.473484413272336
1.127499224984327,0.17396328510990872
14.947293,0.18196492565506606
127521.847308,5.9827916689940155
0.010123,9.123268622948666
1.742513,0.042598744578654826
1.024992,0.11018176090437767
3.075427226,0.007565052406150685
96.349594,0.1312874999068179
1.537498,0.14456857845620594
22.424643,25.07317565064759
2.269394085455752,0.4703399277832662
1.8443,0.591295812775738
0.17425,0.2271800884786861
67.364581,2.162284870873792
118.31733,3.5967669793859187
1.284961,0.04996478166934568
93686.097598,0.8704823672299903
122.86039,1.4956742824471574
62753.574998,2.944135249161125
23.754395,26.55998217273135
45.24257938544896,9.376684136641394
7.532677,0.5628484632236102
300.530013,9.646486190620022
65.053837,1.9775927398290167
0.415926,0.14323399570037124
5.889293,0.12311138623658321
1.103174,1.2334678182046201
4.7006776775894945,0.9742320267684342
17.609829,19.68969297280977
11.997092,0.3647034999374561
0.00064442,19.98781003681485
0.788348,0.8814583080692401
0.928316,0.9283160083733599
204.999887,19.275824909868405
48.558512,54.29366704790256
27.809406,36.256776560227856
0.276777,0.30946661389700997
1.4887473837298935,0.30854814570930866
0.058567,0.06548423884971
0.067336,0.06733600060736705
1.3837957707511381,2.5171927023808185
2.522541,2.82047360035833
1799.341129,0.08441755937128857
0.073644,0.08234195512572
2.808026,3.13967669985138
3.1511,3.151100028422751
181.425,32.27691809841556
28.324452,31.66980005899476
10.434796202115091,18.981408532949576
25.970349999999996,29.037659473945496
10.018663,10.018663090367797
0.137862,1.2986409988526884
1.080963,1.2086335185291899
76.27024288,13.569069217494954
11.928796,13.33768378871148
0.129035,0.14427508255455002
0.6945869456568426,0.1439555941179034
18.193874,171.38378018859407
143.515782,160.46616263750767
451.555138,504.8874709410719
517.36881,517.3688146666386
0.967987,1.0823141344343101
1.085837,1.0858370097941907
0.002073,0.019527373682534876
0.133078,0.14879559372414
7.4403213720865e-05,0.1355990405364047
12.82,14.3341462266
492.68324,14.977237983048363
559.94374086,99.6183451203453
87.626076,97.97542797559788
25.556253,0.8203108873804612
552.580216,6.7269851419183615
5.979397,6.68561239819761
271.294726,2555.5588483853885
2124.085698,2374.9574877505247
1.318835,1.4746001356285499
4.941e-05,1.532537310944759
111.01982799999999,124.13217227800163
0.0041703999999999995,129.35222832552162
12.033678,13.45495320560214
0.00044447,13.78601211486778
121.667676,0.005708138438432094
0.05992599999999999,0.06700374779837999
2.065134,0.06277867983673364
547.4725569999999,188.53517663096136
158.039909,176.70570711736016
1.2505405148128637,2.274794824824336
0.003573,0.024728710265023275
2.415346,2.70061799936298
11.15243,0.33902634520161085
2.049767,19.308522031417493
4.984588,18.61446009453116
32.289668000000006,36.10334030580084
0.131223,1.2361025358144109
1.078575,1.20596347631475
0.43883,4.133717989921263
3.43309,3.8385658400216998
13.02525955,2.3172949467050024
2.018995,2.25745472392935
1.844968,2.5490449294418283
1.032525,1.0325250093133194
4.01443,4.4885668203159
0.00015034,4.6630572622431705
0.228158,0.25510531472454
0.254557,0.2545570022960903
0.134159,0.15000426861267
4.750473,0.15248184943649298
0.148881,1.4024384569365533
41.7175,1.3390585640349697
6.137916,6.86285378085708
0.00022531,6.98838254460562
0.077379,0.08651808899127
0.04065,0.05299782264940367
1.079872,0.03466199675583558
1.7463,0.6013798769289688
1.3724669999999999,1.53456651085671
12.123007,0.9535454748194103
2.21128414,0.3934046414722628
0.345159,0.38592508404267
0.082404,0.776234298569997
0.644693,0.7208364846540899
62.969041,593.1596690968931
488.8657317008577,889.2708579485634
1865.046386,2085.323527013718
658.99139,658.9913959440665
0.001525742002726839,2.780648057112534
91.45939656,16.27133775443092
14.321412,16.01288719027956
6.402038,7.15817073636894
0.00024145,7.488992789467963
0.737126,0.82418657343438
2.763e-05,0.856992631074756
0.558306,0.62424647762778
19.740601,0.6336386607118665
2.042248236022971,3.7149501861656082
3.572655,3.99461460118515
302.431083,0.01418880138590752
0.20524299999999998,0.22948386692558997
6.874729,0.22066674040557474
1.535283,0.14436030540396097
0.130903,0.14636370854139
0.089785,0.030919597005135125
0.026481,0.029608621390530002
61.824887,69.12690879103131
71.922628,71.9226286487382
748.644629,0.006956015519637248
0.006527,0.0072978917645099995
0.045780470000000004,0.08327693105537641
0.079692,0.08910427309596
42.561526,47.58838824580638
5368.24018136989,60.8569360386244
0.09241,0.8704894365668344
0.727588,0.81352205809044
0.2255,0.252133383315
0.25321718931819764,0.25195630113298306
0.512505,4.827726314118445
12.664581,14.16037097914353
29.479036,0.8961427989367977
60.059399,4.724023349720364
0.002131102101603383,3.8839101943454972
0.688977,0.7703507850830099
25.721972,0.7819305889871685
0.808851,0.90438287905863
4.3522765927278275,0.902024673209328
1.024998,9.655339589894298
2.470233,9.224845383950289
15.820235,17.688733372010553
60691.229543,0.5639112580970305
28106.83177,1.318654979559907
1.676218,1.87419297345234
163.858673,183.2117144523115
8.549508,0.25989927311912586
0.0061176699999999995,189.75020301654368
0.003782,0.00422868494766
0.143784,0.004370936559876942
2.360703,2.63952121681539
2.673083977718582,2.6597734279306042
3.71888889,0.6616192482824172
0.579451,0.6478888740366301
102.096286,114.15468741940518
3628.544277,116.46990565342908
17.164802,19.19210466604026
0.00063353,19.650037696879846
1.306011289253627,2.3756988972091717
2.129364,2.38085920012932
0.162859,1.5341092863308958
1.280295,1.4315082482983499
0.04409,0.41532171040181504
9.958735182,0.3935088775452068
2.255,2.52133383315
28.182469,2.2167161814051837
1.415775,1.58298953775075
0.00089421180846162,1.6296912082134356
0.005545,0.006199909580849999
3.46869874674e-06,0.0063216654018786265
4.731077,0.057595049121830486
0.489443,0.54725019747159
0.4912065806974037,0.48876063073733717
83.772602,93.66682736745426
0.00156427,48.51856181727501
0.026657664531870996,48.58330107922962
0.916211,8.630581075276874
7.174914,8.02232967545082
3.31923,3.7112580483399
127.696432,3.8818853502103146
23.214125000000003,7.994335243379545
6.837603,7.64517950401239
0.390164,0.43624554043332
14.562812,0.44269965632764874
19.475,0.32485440428842893
0.282374,0.31572466510062003
0.53148,0.5942521089323999
18.821146,0.6041257682328163
0.028222,0.009718915928929369
36.156701,0.014068226996030116
131.316824,0.006160836101506716
0.026277000000000002,0.02938052733201
0.11520321732063282,0.209560329681366
0.229252,0.25632852501876
25.573854,28.59433407283302
0.00095632,29.661932426688765
0.082108,0.7734460194527609
0.639537,0.71507151913581
42.463606,47.478903097716774
48.196591,48.19659143473063
17.45178905,3.104808961486429
2.718624,3.03971559681312
328.797748,367.6314351644912
386.513914,386.5139174863345
6.882093,7.69492413471609
7.769175,7.769175070077536
0.05444708412299246,0.09904192924792435
0.115344,0.12896706414672
0.926388,0.028161569978796534
0.491527,0.54958033481451
17.517245,0.5622728335961827
0.201039,0.22478334034706998
0.23250480602934398,0.2313470545997615
16.524207,0.3454265274677711
0.304073,0.33998649341348997
177.898436,198.90968760588464
0.0066524900000000005,206.33857793335156
2.170801,0.7581041356280126
5.867343,2.0205589023879327
2.360895,2.6397358935763497
2.6041893606360764,4.737148785078776
4.422769,4.945133976011969
2.665638,2.9804715194369398
102.499974,3.1159300321526455
0.001057,0.009956794009859798
0.008307,0.00928812423591
0.617699,0.69065427379287
21.8768,0.7022069010290699
4.340706,4.85337866853978
0.00271862,4.954655116996669
0.021548,0.02977115057801139
0.012762,0.012762000115112547
4.441582,4.96616894426166
158.013239,5.071947765658405
23.597477,0.28727028686412526
0.254052,0.28405760664276
42.77101641,7.609296368480407
6.687437,7.47727767856281
0.000211,7.36870733971058e-05
0.002331,4.872785940816249e-05
2.877987,0.00013502311180833165
0.007569,0.00846296043597
0.259769,0.008338129181298018
4.2747399999999995,40.26746038382977
3.894998,1.3413350614891941
51.249998,1.0713439284481374
205.00568679398137,372.9154472442611
44.280214,0.5390571957410893
0.225498,1.560670223157632
134767.0,6.322703927805591
408.99452,457.3000979374476
12.505000000000141,2.591705351936984
739.025,23.72140601152858
264.449998,8.039101461341904
11.522368,12.88325333765184
1465.519142815351,16.613825336506153
14.600227,1.3728369484239435
1.245835,1.39297824213855
1.402067,1.5676625115047098
1.57172,1.571720014176829
366.31221705,65.16979152912704
57.075829,63.81694843138977
0.000697,21.618670425591926
0.011839313453053404,21.577018848496127
0.11597190094576133,0.2109586030772753
0.218716,0.24454813776107998
12.31615,13.7707874452995
14.260743,14.260743128631127
1.324035,1.48041429790455
46.637968,1.4969969547453437
4.382978,4.900643335411139
4.970867,4.97086704483695
3.3783918813991116,6.145461324126145
6.320139,7.0665987986300705
3.915684714307405,7.122823465726085
7.63779,8.5398750942327
1.2269459999999999,11.557661857352356
45581.985748,2.1385161079942274
7.795778,8.71652276147514
3113.83581093,553.9756011646741
486.419186,543.8692464545823
4.6e-05,0.0004333136465974936
12110.913202,0.5681933891204671
0.49644900000000003,0.55508366303037
0.10182,0.03506413506780484
0.030364,0.03395023525932
1.496232,1.67294916356616
53.319245,1.7114542253281895
22.379043,7.706754924771288
6.442158,7.203029234544541
0.040534,0.01415560110463643
3.857617,0.06434731052672227
0.138264,0.0028903083454355116
283.190222,0.013286100669715415
0.488244,0.5459095858237201
0.4645622258903092,0.4622489507785395
0.042884,0.014768123828793391
0.013028,0.014566712717639999
0.709361,0.79314230120493
2.663e-05,0.8259758872790718
34.597666,38.68393163362458
39.121352,39.121352352872464
1.139367,1.27393550575371
1.307828,1.3078280117965375
3.7515553580785617,6.824264078222359
6.194703,6.92634778723539
0.061978,0.06929810568113999
0.071762,0.07176200064728935
0.36882200000000004,0.41238287672286
13.038561,0.4185149342540267
1.985423,0.6933649778450331
7.0860769999999995,7.92300030350601
230.522498,7.399367774905836
5.124854128731651,9.32236222011803
8.5965,9.611816539545
8.712987,9.742061601284309
116.85998,9.191721584957163
16.4,18.336973332
18.567188,18.567188167475027
2.05,19.310716859236127
4.990903,18.63804284911328
32.308255,36.12412258161315
68.246406,94.29060838287079
38.348742,38.348742345903574
9.388553,10.497417438235889
125.724528,9.88897018274478
0.031585,0.0005268562957355599
0.010514,0.0036207455912679255
0.2565471619815352,0.466671930646164
0.432235,0.48328546757054996
0.009187,0.01269294414146049
0.005471,0.005471000049348123
0.33311599999999997,3.1379067108689274
0.131,0.7723763140412895
0.140257,8.729778583405304
8.787843,9.82575870346359
682.2392474450251,7.734190133461231
53.473113,1.7163931181940353
124.15361533,0.6380036980124044
42.981604,1.306611753225345
1.79186,2.0034932338218
6.7e-05,2.078121834310845
2.05,0.19275835535085062
0.174616,0.19523956922808
18.859394,21.08684175827322
4143.77577735,21.294138415997473
88.155073,98.56690382204349
0.00330252,102.43341672012316
164617.631861,15478.743404525927
14092.24325,15756.651747762622
14.055758,15.71585729311254
16.122395,16.122395145423127
15.63379,17.480267701712698
549.106102,17.625342564797975
2338.187947,20.258077812943416
249.100215,19.59319026952572
0.48906900000000003,0.54683202503097
4.150792,0.12618127542177665
5.101666,0.4012758986561702
1.022332,9.630226238115409
383.543896,428.84354832947446
385.486311,385.48631447706555
0.00118405,36.72537549127995
1.876688,0.6553916890970033
0.256248,2.4138207676807504
7.175,0.6746542437279772
3.123836,3.49278642838668
0.067428,0.07539179498964
2.562737,0.07790547520342565
0.122452,1.153480927242528
0.961575,1.07514482510475
0.11875666587440332,0.21602422771957253
0.222118,0.24835194161934002
1.175852,11.07636343432513
2.470074,9.224251613882425
17.050575000000002,19.064386528674753
0.096806,0.10823957563278
3.614148,0.10986766000393737
0.325879,0.36436795929626997
0.368845,0.36884500332696185
0.053306,0.018615939026095363
0.042774,0.047825957152619995
0.940965,0.03020332574356482
0.745173,1.0295460177124782
0.443774,0.44377400400281736
1.391876,1.5562678715518798
176.36189588158706,1.9993227304851005
13.454973,126.74398729349605
105.83863,118.33903267106189
1.469228,1.6427557716236398
54.846984,1.6673112972555062
28.891351,9.94942284183224
8.527004,9.53411249694252
27.047326515054984,49.20041986083778
57.708870000000005,64.5247567201131
21.693099999999948,4.495971481015868
87.977775,2.674464983615198
0.031992,0.03577051529496
0.03729565000110403,0.03710993731480138
2.486364,23.421205469755012
310.325292,346.977231929824
0.01090126,338.1215884701409
9.325208,10.42659087874104
0.00034417,10.675032712160649
2.514569,23.686892674152453
19.733894,22.06462731795822
227.926173,254.8461070710865
0.14171014228300943,258.2651792427182
7.666515,72.21751242053007
13.981000000000003,25.432128003168554
84.104694,94.03814213256223
0.041,0.3862143371847226
0.204993,0.7655264623993451
1.839518,2.05678003108134
30.8935,0.9916271528258965
1.674541,1.87231790611833
0.001050738927904007,1.9149601657337847
0.359933,0.007524137546271192
0.256066,0.003117288906612732
0.000544,0.003765020538531392
69.717075,0.003270833541873136
0.206123,0.23046780207999
0.9713336454066869,0.20131232365589308
0.150217,0.011224350599403245
106.591668,119.18101058106083
0.00398827,123.70314877801366
17.002816,19.010986802494077
19.746653,19.746653178113736
0.041273,0.04614767684949
0.086129,0.11899756024380652
0.051294,0.05129400046266909
2.5825882338955e-05,0.04706738716027149
15.989972,150.62332774590908
125.749152,140.60114919180575
3.083632,3.4478340091281603
0.00011533,3.577161061956265
3.74128,4.1831555846064
4.243434,4.243434038275544
32.94424421,5.861037189915232
5.114693,5.71877982575409
1.042838,1.16600564607294
3.872e-05,1.2009683197688945
16.623101,18.58642437391113
0.00062267,19.313195859258713
3.0557584852279933,5.558575276667389
5.853972,6.54537368599236
0.748424,0.024023097422647768
0.190904,1.7982893128271284
1.496806,1.67359095763278
16.367196,18.300294912903478
0.010441145312601584,19.028872755437398
1.637046,1.83039444178398
6.122e-05,1.8988450551717901
353.709933,0.016594590535390356
0.019653,0.02197417907889
0.180571,0.005796012320162007
0.002783,8.460132174746515e-05
12.002123,1.128541214731033
1.025,1.14606083325
0.32531,0.3637317557703
4.362026,0.34309888242616815
51.675707,57.779028120197914
0.00192698,59.768644959407645
0.349085,3.2883324852714355
5.221786,5.838521379720181
88.023015,2.82538436071022
14.33975,4.938233459424028
4.144821,4.6343580574947305
1.105547,1.2361210887971101
14.517066,1.1418522312124968
3.413644,3.81682310932572
0.00012653,3.9245485924679286
0.13354441448778348,0.2429238712081758
0.246791,0.27593902351083
147.599989,165.03274768881056
170.132174,170.13217553458296
0.201126,0.22488061575437998
7.644137,0.23237660575591199
0.074719,0.0015619463436801768
0.00136,0.0015206270568000001
184.214533,205.97176701145327
205.713959,205.7139608555287
0.049662,0.05552748595206
0.13461107265955063,0.02789861954751953
0.878531,0.028199303872959932
0.186082,0.25709463717549264
0.106833,0.10683300096362786
0.375753,0.42013248417189
13.322979,0.4276442530930199
3.303536,3.6937104593476797
44.29441,3.4840146685798032
1.902462,17.920929276807847
25.573718,28.594182010127337
532.692498,17.09849467115913
0.00096076,29.799646769141603
0.844296,0.01408335168796423
0.03595,0.01238023625699847
2.551118,0.053329266082210496
272.344773,0.012777277567686615
0.172741,0.19314311648433
3.255972,0.10451098917380161
10.2497645968544,18.64482692436495
17.317794,19.363166265065217
59.331744,66.3393053334787
32.915573,32.91557329689668
0.00112529,34.902831625845536
6.95909238,1.2380766420756113
1.089715,1.21841920088295
0.019968,0.18809580207084242
0.156522,0.17500852072386
0.143078,1.347774998432091
61.139203,1.27807056547023
0.019723,0.13650275750267396
8908.5417,0.4179515133349403
2.638996,2.9506828826374805
76.65137,2.4603745057473043
106.42867125000015,1.2065262767889486
191.156313,0.008968254624870591
0.038777,0.04335687895701
1.100349,0.03531927253256583
24.99407890043676,45.4654612629427
42.384838,47.39083195653294
3.248943,1.1188506794303583
1.282916,1.43443880970708
12.24209,0.39294961242133064
0.395473,0.13619051942319768
1.3638564817110739,2.480922152980984
2.686815,3.0041496953059506
0.084526,0.09450920779638
0.09906,0.09906000089351581
0.136184,0.15226843757591998
4.823187,0.15481584127265857
19.142485,6.685088612312781
221.46949,0.08617166311757873
9.430818,0.19714439022220856
7.464673,0.09087322149130139
6.172365,6.90137148782745
5.91101282,1.0516151394230364
0.917428,1.02578370548964
6.93654,7.755801768070199
8.119708,8.119708073239325
1.184476,1.32437224538988
1.340953,1.3409530120953232
0.119028,0.13308617449764
4.241802,0.1361544027096701
37.375629,41.78999464876377
42.99007181999805,42.776003913370886
2.947064,3.29513621803032
0.00011019,3.417734998846448
0.259223,2.4418448567813495
0.64217,2.39812153760854
0.260622,0.08975137507013785
0.076829,0.08590312951977
2.8042144735589734,5.101004323001911
4.908729,5.48848980286677
0.107836,0.40270307571134517
0.349098,0.39032931196674003
12.519853,117.93528604988195
30.843534,115.18218412781862
196.399758,219.59616614983253
0.029411,0.2770475578278018
0.231063,0.25835341884219
10.390946,11.61820120099098
12.018752,12.018752108408489
5.940215,6.64180268544795
6.735133223280472,6.701595808502485
26.899176,9.263370069501615
24.456024,27.344479261875122
89.9165539391818,18.635522916585796
4349.029794,6008.707112745121
2498.192533,2498.1925555335606
0.06320829103111043,0.11497899637827988
0.117052,0.13087679283276
43.80322557274829,79.68022600084403
81.556204,91.1886547443385
2.88835,3.2294876172855
102.499036,3.29003923919527
1.71072498,0.3043512750082601
0.265653,0.29702877905888997
1.361093,1.5218491489860901
0.000859673822785212,1.5667461083236487
2.977043,3.32865598165959
0.001864118100678768,3.3973347824315896
0.04017774751968143,0.0730853027537033
0.065512,0.07324949981256
19.19854506,3.4155704368767292
2.984828,3.3373604534516397
0.409408,0.45776241328704
1.53e-05,0.4745561800739691
0.913772,8.607606032145325
15.339859,17.15162106095367
7.212129,9.402881517014048
3.635965,4.06540202689545
3.270794,4.264328667521123
0.007618,0.0026234392157389245
12.453382,0.0005842605926218099
0.002783,0.00311169492579
0.002697,8.65689685911743e-05
1.097775,0.10322209929038051
58.205542,65.08008972125646
0.036391675785155654,66.3234297713565
0.065223,0.0010879578336792915
0.000947,0.00105884839911
1.673885,1.8715844271850501
1.970115,1.9701150177703304
13.557742,1.2748136830200743
1.022948,1.1437664753672399
279.802858,312.84985032703554
0.01050971,325.9769824369408
42.936868,14.78633018012677
12.27524,13.7250456417012
114.17435,127.6592689724655
129.154508,129.15450916496664
113969.745796,5.3469837526647765
4.649406,5.198538648270779
0.153442,0.17156474768346
9.7889012458437e-05,0.17840165101225824
0.007111,0.06698463784684297
0.35751622,0.06360491526413183
25.585481,28.60733431606053
0.016439997713109236,29.96171542645541
7.62087085351732,13.862739649686635
13.459283,15.048933746270789
5.794466,6.47883954360858
5.124998,6.6817647006777
0.922322,8.688145851241162
7.231649,8.08576554020637
4.415713,1.5206556379165366
1.304307,1.4583562607159102
14.699326,5.133413809715572
4.50399,5.0359478364387
9.799191,10.956555124522831
10.999147,10.99914709921171
0.119374,0.13347303991061998
4.226176,0.13565283552271953
0.291076,2.741895717326349
2.300282,2.57196400549266
5.493987,51.75259872454834
44.141242,49.35468154849746
0.032063,0.03584990097219
0.011336,0.0054559716574955975
1.032981,0.03140192523895735
16.00137205501137,29.10728433798536
30.750135,34.38197594209755
4.199532,39.55901141136663
29.689626,38.70813119988005
9.770452,92.03630837012554
1265.99634019,225.2305921742123
269.888726,301.76477873594234
123.550941,138.14331160125033
0.00462046,143.31162403820727
0.99513,1.1126629434069
13.078083,1.0286677937216944
0.004853,0.04571458971603557
1.357367,0.04356909944000611
0.13138,1.237581454129972
1.030043,1.15169945254959
0.626582,0.70058642831166
0.702422,0.7024220063358083
11.381616,3.9195297654084533
3.411306,3.81420897251778
0.292051,0.10057469761036607
0.084414,0.09438397968582
85.772549,95.90298436772336
0.00317664,98.52902901112243
7.175,0.6746542437279772
0.614094,0.6866234939842201
0.276121,0.09508882379745966
0.160285,0.17921596161705
3.023487,0.09191196424228465
0.275123,0.30761726304999
0.972546,0.3118052255770714
2.594779,24.442459795752125
717.499998,23.030491209132226
6.105621,6.82674447879873
7.117861979526503,7.082418777198343
3.98951,4.4607035657163
4.500207379149115,4.477798717514955
189.695876,17.836812231511658
16.189574,18.10169431063662
24.087498,2.264910487315563
1.817767,2.0324600611457098
8.097812,9.054229432411558
9.479079,9.479079085500778
132.87198,148.5652410871974
0.08340858577329197,152.01123228075147
2.255002,2.52133606936626
2.647444,2.6474440238798014
0.4609331181434939,0.8384600573295865
0.802499,0.8972806562168699
0.253866,0.28384963853058
32.421684128127026,0.3675477047575786
2.000383,0.6888793920579518
1.310049,1.46477643759837
3.9530324371742536,0.8192799139388163
19.664011,6.771769177752899
5.621817,6.28579929307221
0.60582,0.6773722673166
21.456155,0.6887049344762206
1.014755,9.558851944631297
2.50111,9.340152543606981
15.929832000000001,17.811274668734157
5.44348440708759,9.90196639899175
9.170354,10.253447362378019
8.000713,8.945662251096689
0.00029981,9.299129957384096
7.267859,8.12625223559367
0.00027,8.374520824834748
10.299381,9282.23051596302
2081.271725,2327.0868364616244
0.392435,0.13704922582271664
0.120546,0.13478346263898
0.009208,0.010295539661039998
0.071646,0.08010797508198
0.08046100882066028,0.08006035539082962
0.017172,0.16175786824722085
0.135676,0.15170043864587998
1.9834458256392131,3.607985703812803
3.27347,3.6600934203111
116.32472,0.0010808286419129005
0.000972,0.00108680110236
201.889125,225.73387202108626
1086.4978653909884,225.1805144023912
10.838979,12.119150540799268
0.00040046,12.420965220419715
5738.798179,0.05332192024206718
17.424605,0.024928171945718326
2.087584,0.025413770062492614
664.573739,0.0311790200115143
3.274066,3.66075981275658
4.145816,0.13307342050010673
5.783423,0.17581215595569177
0.001857662657509344,3.3855698080946586
0.458418,0.5125608927383399
17.094232,0.5196531158669835
4.192159999999999,4.6872881782608
4.851851,4.851851043763433
4.918443,1.693782652477895
1.415056,1.58218561800528
74.845141,83.68496064309633
0.04863018237694421,88.62797373461825
0.226776,0.25356008928888
8.49e-06,0.2633321548253593
157.16105763,27.960174096094125
24.551126,27.45081358125438
12.583896,14.07015642467448
14.267273249214488,14.196229745716167
0.808182,0.9036348647196599
0.942997,0.9429970085057817
77.474244,86.62458208200371
417.8843398893756,86.6080032132696
5.186562,0.1084213058548769
25.474928,2.3953684019323584
2.269504,2.53755087346752
4.00159,1.3780425480846317
3.001925,3.35647674815025
64.419086,2.067739648723083
0.118708,0.13272837989604
4.209205,0.13510809619533326
9.86838,92.9587766045603
77.022008,86.11893333372504
0.251282,0.28096044712266
9.38e-06,0.29093705680351833
121.554851,135.91146714403862
0.00450581,139.75555436203206
2289.322574,0.10740543924435363
0.093425,0.10445925204524999
8.541674,9.550515143209621
0.00016012,4.966401016564963
0.002696040575534484,4.913504363685464
68.755416,76.87598961113207
77.21354205619636,76.82905929979516
5.266684,327.8052802267508
70.48074199999999,78.80509063863246
4.591133,5.133383133211289
5.333140899538397,5.306584667836992
1.9588540921577258,3.5632521286950722
3.611993,4.03859873880309
0.020869856,0.0008246502652198047
0.028623,0.03200360900499
0.993526,0.031890441634599566
0.806133,0.90134386116129
0.532509,0.7357251542206361
0.49429015774488677,0.49182885319582953
0.316002,0.3160020028503209
1.451e-05,0.4500529524753785
17857.304108,154.71581598622367
1885.980525,148.34340978366882
0.044323,0.04955790664599
0.05138896397262566,0.05113307400837021
3.861631,4.31772101616003
495.2104984105719,5.613942858223046
5.124998,48.27677330836655
40.095181,44.83074784992152
0.016868,0.01886024793684
2.158957398065133,0.024474972774157198
2.494085,23.493936223350214
19.54,21.847832860199997
12.921167,14.44726187178771
0.00048208,14.952551849023466
1.053393,9.922816568049425
28.495467,9.813090784798426
9.066613,10.13745370686369
0.00033911,10.518087988554488
5.065583,1.7444538058257326
1.458456,1.6307115108472798
0.161964,1.5256785099460097
36.899999998,1.4580644344149518
17.595729,19.673927648176768
20.500683,20.500683184915047
0.061443,0.5787845736497783
5064.730999,0.0470588394908953
2285.715276,0.1072361999110349
0.42254800000000003,0.47245435411524
1.5425696069717507,0.31970299129340035
14.420489250000049,0.16347755731543617
15.166493,0.4868178183742175
2.182777,0.0663549476392263
0.403546,0.5575472772950707
0.239486,0.2394860021601507
5.476889525663647,9.962731955932403
10.141155,11.338907853090149
16.98462595,3.0216970137542982
2.636264,2.94762821122632
13.408956,126.31051350924655
588.318908,202.60158763558687
145.667328,162.87182371217665
0.45736,0.15750277759390321
94.29746,1.9712198084199166
2116.625,0.09930319144294604
0.03,0.17688007191785254
2.122045,2.37267576672585
7686.134345779999,1367.4230606154604
1201.760018,1343.6976464347463
0.580873,5.47174343130491
2803.074719,0.026044708654507448
0.023403,0.02616708456639
176.164161,5.355271600838395
1.696833,15.983932497760106
26.482494,29.61029184407622
474.575,15.233024942215994
0.00099299,30.799316421676508
0.30733375999234847,0.5590552552621764
0.683072,0.76374835657536
4.050619,0.13001776380638258
4.398531,4.9180332711570305
0.00016448,5.1016340195141465
20899.336004,0.19418573240567188
0.182247,0.20377185236811
2.251136,21.20539019884555
42.025,0.8785020556104798
3680.774998,0.17268656672051183
23.693315000000002,26.49168812815095
177.325,5.691821414694097
2.625765,2.93588919396945
14.121630270099656,2.9267576768566324
1.427427,1.972161878416515
0.838864,0.8388640075665078
0.259032,0.28962578513015996
9.662855,0.29374427051890134
0.150799,0.20834693410124092
0.086575,0.0865750007809018
46.822022,52.352083461238855
0.029288153436907865,53.3773382427699
1.013157,9.543799005342976
2.501019,9.33981271293921
15.923677,17.80439271319401
183.19411300000002,204.8308271134387
102.498941,102.49894192453488
0.00349503,108.40445006823035
323.271081,361.4520238599885
363.293341,363.2933442768862
0.88149,0.30784084516025967
6.943837,7.7639606030948105
237.4233,7.62087141287095
0.327418,0.11434347960916391
0.100265,0.11210711165445
0.023873,0.22488036272221662
0.050196,0.056124555693479995
0.165627,0.2159377705277437
1.84e-06,0.05707080858405903
2.067802,2.31202622743026
2.395821,2.3958210216101756
1251.396934,0.011627327782686155
184.950262,0.008677092671025349
0.017991,0.020115883366829998
0.5919,0.20383482171119316
0.17082,0.1909952307666
3.439595,3.8458391334073503
1.215124,1.678839779791884
4.690884,4.690884042311519
0.001029,0.00115053326577
0.039233,0.001192656721566044
0.066688,0.6281917492237751
12692.502617,0.5954791317621424
0.220687,0.24675192888531
0.247827,0.24782700223538606
233.242593,260.7904394955811
263.428312,263.4283143761091
0.098862,0.9312663854330742
0.812584,0.9085567767079199
25.134371,28.10294455753623
29.11000000000098,28.96504753776717
2.067728,2.3119434874286395
7.632e-05,2.3671978864866223
0.022134,0.024748205349420002
0.829804,0.025225481563540632
3.651193,4.0824285774990905
4.129133,4.129133037244555
5.739973,54.069752869590324
44.806154,50.09812506143202
0.583264,0.65215222033632
0.654805,0.6548050059063055
4.214929651128384,7.6671647530110585
7.783573,8.702876251748489
199.048768,3.3202500104228854
2.873281,3.21263884587453
12.283396,13.73416493160948
13.800748,13.800748124481999
5.728525,6.40511037540825
0.003687079374371926,6.719661699319779
9982.212293,11161.192720189243
6.309075771486739,11498.22136036536
43.230224,48.33606491612112
0.00162817,50.50053174581923
9.309590297426142,16.934603540604936
15.983948,17.87178220829724
0.303676,0.33954260448588
11.542399,0.3508811396107151
7.939921,8.87769022165773
8.864071323732704,8.819932918930537
0.391474,3.687631010611026
10.25,1.1018262086629664
5.955272,6.65863803956136
3.612347,1.1581443666393747
33.437715,1.073291990951293
14.899508,16.659261027800042
13.325,17.37259500131129
6.501633,7.26952871557629
0.00024318,7.5426517562344975
0.301069,0.10514167535826183
0.092248,0.10314323877624
6.662498,7.44939317990874
5.786974,7.5448221827480975
0.288243,0.32228684171559
0.326658,0.32665800294643743
1.23,1.3752729999
1.085937,1.4158006527533942
121.39842,135.7365603711546
0.00452026,140.2037463098797
8.303823000000001,78.22086575717694
79.736024,89.15349668827511
503.80824,16.171360661674008
54.26307735352161,98.70721186614678
89.453748,100.01896289777125
66.633143,248.8350052896425
212.297266,237.37129909137258
15.375003,57.41645644470454
48.661603,54.40893393313239
6.334082,59.666177592772726
15.28237374,2.718853110405714
52.034062999999996,58.17970887723219
5.637496,53.104433683451816
44.246633,49.47252008242629
0.032223,0.30353620944154425
0.251749,0.28148260361937
0.21849082012160487,0.397445569333376
0.36411,0.4071143512143
0.7611,0.850992097743
0.886529,0.8865290079964434
0.554905,0.05217686593949452
0.046764,0.05228720859132
0.152725,1.4386484060130915
1.206665,1.34918194668645
0.073786,0.6950539288661448
0.574501,0.64235423879313
19.547139,21.855815034140072
0.0007175,22.254513673403455
0.194359,1.8308349356313534
5.255765,1.8099474940546194
915.420901,0.04294771959268985
0.037398,0.04181500784574
1.937847,2.16672248539611
68.951353,2.213217468363356
0.000142,4.959035271274419e-05
9.4e-05,1.1443344966594424e-06
0.000307,0.00034325919591
0.003433,0.0001101932774095296
0.001912,5.81235095871913e-05
0.001622,0.00012757979601571488
21.531414,24.07444904379582
0.013855982457195526,25.252375978459618
0.406991,0.14015701625791555
0.119943,0.13410924343659
6.67580671,1.1876779188067963
1.036129,1.1585042586287702
17.288111,23.88560218073023
10.259726,10.259726092542172
2.394388,2.4270901538376783
2.096859,2.3445150953636698
0.000133,0.00014870838129
0.000148,0.00014800000133495194
0.061642,0.5806591261644065
0.481483,0.5383500567567899
0.693962,0.77592455411106
24.595998,0.7894883864777849
2.100814,0.7234651919891513
62.982005,0.024505696551383484
5691.772014,0.2670341349817963
1.702154,1.90319222591202
29.855581,0.9583117737709529
864.038395,966.0883540816513
1006.554592,1006.5546010790677
0.386925,0.43262398820025
0.434674,0.43467400392073585
27.436737,30.67723870037181
0.00103014,31.951588453686178
5.045153923861544,9.177383619722113
8.191192,9.158638369590959
13.434603,15.02133883762239
15.499117,15.499117139801193
0.212115,0.2150120314590948
0.18415,0.2058996121395
4.910165,5.49009540614145
0.003079774622866677,5.612855454010809
1.656832,0.5786118539842351
0.558959,0.6249766022366701
1.834959,0.05889896478942996
10.557498,3.635725160578271
31.019264,34.682891265016316
31.385483,31.38548328309535
1.664296,0.5812184905521782
0.511232,0.57161265551616
0.09013,0.1007750857569
3.194553,0.10253954702255899
47.992838,53.66118234957294
54.472111,54.47211149133548
4.708669,1.6215419937692555
1.387967,1.55189718687171
40.923624,45.757036703463115
0.00154183,47.82254608649985
1.663664,1.8601562439883201
6.225e-05,1.9307923012813448
2.608849,24.574997252439665
961.535131,0.3741241350411243
0.333458,0.37284210081353997
721.748663,23.16686590210198
0.769243,2.872663322725456
2.42934,2.7162648045342
3.530022,3.9469462972788603
4.073203,4.07320303674007
51.511689,4.843565099016831
3.884832,4.34366224288416
6052.029475,6766.823358997132
0.22536313,6990.030464203484
9.690229087281441,17.62700425776187
15.94463,17.8278204328419
0.940556,1.05164331032028
3.47e-05,1.0762810097102438
0.7671694130628313,1.395518969539347
1.3971719999999999,1.56218937220836
26.321995,2.4750168125625924
2.218484,2.48050499667492
0.204328,0.22846079798664
24.881984233125035,0.2820740637209978
7.954215,8.893672459267949
282.645139,9.072413111063808
0.364548,0.40760408257523995
0.000228981130849024,0.4173155982288074
9.796548,10.95359996473524
4.73874105,4.715144616365994
4.759143,4.759143042927211
0.00036162,11.21627489139534
2.562522,24.138603311006573
20.109123,22.48417391346999
2.71625,0.9354051942440083
2.4211540132424045,4.404198467932628
7.377060999999999,8.248351879605929
71.30924,2.2889015045682277
1.025034,0.09638237464327017
0.087486,0.09781880786118
1.679135,1.87745449486755
1.880327986668471,1.870964944020765
200.406064,224.0756494597003
234.47759,234.47759211497512
2.126832,0.04445987588193094
0.614398,0.68696339885574
20.500139,0.6580184980369697
0.132357,0.14798943776241
4.716769,0.15140001016419155
51.14801,57.1890058143213
0.00185241,57.455726374563476
3.209813,3.58891801107969
0.00012033,3.7322447809346864
4.816559062062879,8.761558300636906
8.625764,9.64453685586132
0.089403,0.8421639118859938
0.698466,0.7809605131285801
48.174989,453.8017425735683
380.744737,425.7137858944118
66.7918,249.42749445729646
212.790258,237.92251745459754
0.211782,0.23679517598766
0.248777,0.24877700224395502
1.01934,9.602042011362807
8.379362,9.36903277641306
3.316915,3.7086696280189497
0.00012406,3.847937235292589
41.05389744,7.303807552937203
6.32313,7.0699430600469
0.021261,0.200275683484985
0.167963,0.18780079583919
32.07869,35.8674440887497
19.378048,0.622001345446892
36.30932840265715,36.12852707823183
2.521038,2.8187930838389397
2.213998,2.8865208696220033
44.525599,419.42499281799377
397.974525,403.4099949990256
0.5535,5.213893551993754
5.571160000000001,6.2291592895308
46.124998,1.402168809342144
0.046226,0.43544253538295086
0.363266,0.40617066795257994
4.935107,5.5179832591199105
0.00018492,5.735616262697933
0.043106,0.014844574800950654
0.01244,0.0139092651372
2.187211,20.60322552800327
17.174305,19.20273004759965
0.005361,0.0018722104288240958
0.001645,0.00183928787385
0.05854,0.5514387146047234
0.459804,0.51411059060652
6022.407701,8.615840341732062
7.46767,8.3496625391571
0.162739,1.5329789029049892
1.275364,1.42599485710932
14.654774,16.38562195271262
0.00053771,16.67801330637738
19.874552,22.22189817130776
0.00074003,22.95332091112022
13.939665999999999,15.58605388408458
65.786301,2.1116248516865173
464.324998,14.115166565285346
0.3904992562686301,0.710337391500316
0.68959,0.7710361853667
274.706046,307.151063392754
307.95591,307.9559127777456
1.543644,1.72596090622572
1.785328083390232,1.7764380902063581
2.289357,2.5597486741724094
2.733576,0.08309886550382638
1.887247,0.14844302545700977
7.749e-05,2.403487476727573
0.041922,0.3948994498404375
0.103097,0.38500574016666556
0.325195,0.36360317333535
11.552773,0.37082374600592005
256.52021472,45.63694067027925
39.942663,44.66021623415019
5.176464,1.7826383114282984
1.528998,1.70958509455374
10.249998,11.460606096283739
55.14238066567115,11.42845286603477
0.217979,2.053332073297284
1.725628,1.92943869615564
23.267497,26.01557756045061
829.155262,26.61442930414716
202.90783059,36.09888069163902
31.513193,35.23515729555909
0.020516,0.007164758283483519
0.059886,0.0009989335484065138
0.01465,0.0163802841045
0.266797,0.00856371565191677
4.473851,6.181162603702749
2.655025,2.6550250239481814
248.55522250000004,2.817740780347977
2.682504,0.9368050669954024
0.824003,0.9213244534443901
26.366308,29.48038333288404
0.00097438,30.222094819638823
3.504325,33.010257491581775
27.675034,30.94368051342642
0.01048,0.0987201525291681
0.082,0.09168486666
0.167119,1.5742378979505767
1.910702,0.6579956099226562
1.4000059999999999,1.5653580906487798
4.4784299999998405,0.9281704117772575
47.352937,1.5199462053588635
2.61523516,0.465270668691838
0.406023,0.45397761726699004
0.288524,0.32260103010012
0.331675,0.3316750029916905
2.1442189999999997,20.1982468259485
2658.85,0.024704647770053653
0.022072,0.02467888264536
612.758237,19.668464431900752
67.086374,250.5275524696912
213.724947,238.96760082451908
0.223254,0.07796651129951403
3967.683771,0.18614712624894966
0.717893,0.80268199977009
17.226072,0.5529266911076406
191.796281,0.008998279246530714
0.007842,0.00876820395546
138.502918,154.86123864452333
0.08795070659852615,160.28919764139903
0.135804,0.1876295402402199
0.080445,0.08044500072560953
1.318017,0.12393111670461567
0.112377,0.12564963732501
1273.913104,0.011836536293501223
295.693266,0.013872691195647774
0.022712,0.02539447184856
0.382641,3.6044253706024247
0.935909,3.4950613235462122
15.787226,17.65182574074738
45.762679,1.3911545562719967
0.0005517,17.111937552079006
3.088842,3.45365935248546
117.961231,3.5859418101178804
0.721515,6.7965716461911
14.541185,5.007602385444292
17.942799,20.061989436855868
4.644305,6.055056647472047
100.929244,3.239651669917303
0.51708,0.5781513518604
0.000324826253988748,0.5919922833865012
0.001855,0.00207409058115
0.002079,0.002079000018752467
5219.936933,45.22557252210966
556.247868,43.7521513770754
20.499991,1.9275827072523124
1.744622,1.9506760419768598
0.104168,0.9812481725819068
0.817545,0.91410371114085
2.842075,26.77195395986025
11.559388,3.9807497754189995
10.25,0.9637917767542532
23.32888,26.0842103917944
13.0447189295364,2.70356400353401
200.659087,6.440804671871231
21.423656,7.3777447223550165
6.182873,6.91312056805749
3.341571,3.73623770207223
0.00012497,3.876162472146661
2.149788,20.250706036772446
16.893545,18.888810009020848
6.640366,7.42464721077558
0.00024945,7.737126739833438
506.01461232,90.02393384844503
79.136405,88.48305780947264
32.878452,36.76166448301476
0.00122949,38.13477632935583
0.05394,0.0603107525322
1.906219,0.06118628577638104
3791.9888579,674.6243009317494
2.404899,0.22612896391458798
592.238231,662.186380977918
2.057742,2.30077805964246
0.001288049338397751,2.3474557847130497
43.165058171638634,78.51936804844648
69.93274,78.19236514717619
0.081385,0.7666354593116743
58514.175,2.745240334093686
0.165026,0.6162735799949965
7.031293,7.8617458677120915
159.933885,5.1335971328251695
0.000576,0.00019835927911074044
0.000165,0.00018448784145
1.805291,17.00559187781817
14.252127999999999,15.93542018660064
24.6,2.313100264210208
2.10547,2.3541431244710997
65.229227,72.9333290223155
0.00243926,75.65790247106078
0.000913,0.00031884501427278483
0.001758,0.0006054090497859058
0.049741,0.05561581649432999
6.2524275195247245,0.07088050623412172
0.164891,0.18436596766383
0.19222980406183016,0.19127260092155246
542.2245262,96.46595906357767
84.738237,94.74651171156681
0.116822,1.1004471048437476
0.922498,1.03145251370874
0.046929,0.05247169643277
2.9473185969162e-05,0.053714558002333136
1.559553,1.7437488884658898
0.000980814381359496,1.7875234469792574
0.469782,0.52526707352766
16.65775,0.5346845519279323
36.130318,3.3972783785284077
2.726174,3.04815731319462
0.02932781283033061,0.05334873685386861
0.048771,0.054531251608230004
7.738748,0.7276626033925291
0.659669,0.73758127200897
306.905163,343.1531578892752
360.117955,360.1179582482444
70.091771,24.13776591519983
20.235148,22.625083490553237
34.646119,38.73810732684747
0.00129838,40.27151980944053
140.0203946321364,254.70399823608236
235.709104,263.5482654974155
0.920446,1.02915815582598
3.416e-05,1.0595319680605741
6720.925241,0.3153176995834176
0.908905,1.0162540698976499
22.549998,0.7238153758224112
19.811559,186.62214945807375
155.745058,174.13981555712152
2.940264,1.0125497351306634
0.867338,0.9697776692579401
2.049997,19.31068859965048
4.991004,18.638420023810475
32.308567,36.124471431349704
16.66336,18.6314382891168
0.00062347,19.33800925429526
36.924808,41.285928023489035
0.00138028,42.81179112630706
0.719278,0.011997978239166755
0.122864,0.042311136230315995
1.365078,0.016618147298200835
2227.141697,0.10448817258974015
0.600094,0.6709699801642199
0.8646565056333321,0.17920311021487506
10.263144,0.32942891753159026
9.781739,10.93704190143807
0.00036644,11.365775596490538
49.511105,55.35876902578365
6306.17017664481,71.48975867745561
11.328201,3.901135041634668
3.259358,3.6443146783805402
4.004589,4.47756351820857
0.0025655359530735423,4.675661121353757
42.964155,48.03857100408015
0.00158808,49.25707048705025
0.129307,0.14457920796591
4.583189,0.14711232650664274
0.717389,0.80211847327257
0.8297034292746865,0.8255719433592899
1.24437,1.3913402137281
44.305125,1.4221167870052096
0.143005,1.3470873485146646
1.122776,1.25538497376888
0.117328,0.13118539067664
1.572902,0.12371795087096792
3.700215,4.13724047424795
0.00013868,4.301402029585493
4.462491,42.036048872141215
35.244282,39.406918240212654
0.023781999999999998,0.22402315529090416
68.140479,0.0031968662522416794
0.184821,0.20664986269473
0.958999,9.033638125507604
7.492382,8.37729322726566
0.050472,0.056433153537360004
1.85e-06,0.057380976022015875
1.071874,0.37432823749028143
2.036013,0.7011494287154444
0.9178379999999999,1.02624212982294
0.21025923862989465,0.3824719169361449
0.394815,0.44144586134595004
56.59943842,10.069480161491827
8.758111,9.792515112542429
0.088357,0.09879268004241
3.26e-06,0.10111458477393068
0.303225,0.33903833771925
0.34013,0.3401300030679541
30.413482,34.005561485808656
0.00114165,35.41026555434293
2.357711,2.63617583729043
295.2265682201324,3.3468294584558604
0.147044,0.16441109186772002
5.47e-06,0.16966158856239288
31.15346,10.728433797578624
9.159969,10.24183580944797
6.088524,0.19543093916299994
0.281647,2.653075839635745
2.230045,2.49343144476585
54.944814,61.43424323473782
61.70119387477017,61.39395443901224
40.999998,45.84243109378374
220.59827256465982,45.719769982717
0.36033910871803904,0.6554745967716785
0.609789,0.68181003848457
19.654792,21.97618272865896
0.012407507521786196,22.612546303636634
2.049982,19.31054730172224
16.08917,17.9894317819521
151.7,169.61700332099997
173.215243,173.21524456239206
0.193,0.19563596196216818
0.167019,0.18674530176447
169.773618,189.82526254531433
599.779542,192.2936245584503
0.946426,1.05820660504338
3.495e-05,1.0840351956591647
0.5846979999999999,0.6537555873947399
15.887498,0.5099608139986446
5.217248,0.1586008180683863
3.2624351873971675,5.934530383229092
6.164025,6.89204646602325
2.029918812226937,3.692522356669432
3.313483,3.70483228091679
4.922371,5.50374303397623
0.003111876856689966,5.6713614228772125
4.739185,5.29892127807405
0.003021770760838663,5.507144051974971
75.849998,84.80849942428374
0.048809943137548585,88.95558574820001
5.175005,48.747832341527435
40.943432,45.779184189302164
10.580551,14.618302256326757
6.08688,6.086880054903327
2090.762394,730.1524264577565
642.17818,718.0246439666034
1.021317,9.620665078304617
8.018583,8.96564284337979
90.530947,101.2233878572991
0.00338543,105.00501494822335
7.201362425842434,13.099633145785935
13.36383,14.9422069709379
101022.597273,0.9386492966679008
0.844129,0.94382749766877
0.027464,0.03070772168232
0.097101,0.031131277295633537
179.269218,247.6819604176884
106.311319,106.31131995892233
0.817892,7.704429674846026
6.405002,7.161484808866259
3.772,0.35467537384556513
0.321223,0.35916204784299
79.240751,88.59972792040563
0.050022415052062744,91.16530250724038
27.579622,30.83699958052686
0.017314804395069928,31.556041004564676
1.010882,1.13027538267066
37.985128,1.1547222549574732
10.249241,11.45975968842933
12.041684,12.041684108615335
9.1348,3.1901264363406736
2.798971,3.12955223073423
5.165998,48.662987645551276
1446.160544,46.419216429859674
0.311284,0.10719803791442314
0.091824,0.10266916092912
3.273441,3.66006099517533
0.002045825427563482,3.7284943916984727
0.63005,0.21697268021479515
0.188837,0.21114018494481
4.386891,4.90501849252383
5.023506,5.023506045311751
51.25,1.0713439702566827
2.315368,2.5888317847418403
49.200013,1.579234104591163
0.189315,1.7833211522957502
1.491542,1.66770523643646
2.553768,2.8553887629338397
0.597163,0.5971630053863778
7.612e-05,2.3609945377274855
490.89464,548.8732879574231
0.01840604,570.8954269731162
0.061878,0.5828822135686893
18.472191,0.5615421394795652
0.030925,0.03457749392025
0.03521327792788723,0.03503793435732829
0.356134,0.39819632076942
0.3999,0.3999000036070763
0.187618,0.20977721113434
7.05e-06,0.218668043759574
0.013581,0.015185026513529999
0.482345,0.015482428311127165
0.106629,0.0012980770536627627
0.008852,0.009897493166759998
0.289558,0.008802367776698712
0.270255,2.545764773069688
2.118693,2.3689278682740897
0.190921,0.21347032228773
0.214134,0.21413400193147705
0.204998,0.22920993043374002
0.236082,0.23793889175031613
3.375271,31.794586636190626
26.603302,29.74536825104526
3.7446667514422325,6.811733363270739
6.3947959999999995,7.15007339729148
161.79883098859,294.3200472401727
263.425,294.53763414525
0.050626,0.4768899276661893
0.398953,0.44607259278789
218.324906,20.528756006189788
18.618376,20.81735757299688
15.341721,144.51689286068142
120.528059,134.76340266101965
165.753971,185.33086255488425
194.7045,194.704501756224
2.006081201994454,3.649160568905885
3.345058,3.7401365451215396
8554.649998,0.4013483949583852
0.349899,0.39122491657887
2.555728,24.074604769376503
19.89978,22.2501058032114
1.785226,1.99607570448738
6.677e-05,2.0709879832378375
8.744833999999999,3.0539394540450533
2.687358,3.00475682802054
0.034215,30.83598102678935
6.84466,7.6530699930858
14.30499,15.9945256185687
16.272154,16.272154146773946
26.702434,2.510788908148603
2.2767,2.545596779571
38.494676999999996,43.04121131542401
0.00123987,38.456730129955034
0.029315,0.03277733983095
1.042804,0.03347217898507635
11.684676906286624,21.255003129700945
22.55597,25.220013437036098
0.820858,7.732368985189682
9.002169,10.06539834653397
91.67797,2.9427020042390133
6.867501,64.6909108983029
54.106341,60.49673975665233
0.5127346247922121,0.9326895507740602
0.947712,1.05964449209856
0.125632377,0.004964230371941449
0.004351,0.004864888473629999
0.014172,0.13349828259955826
0.110358,0.12339217701053999
5.677577,6.348145002401011
0.00021276,6.599122409969782
0.07694,0.7247641732437208
0.632201,0.70686907789413
7.160661,8.00639328027393
0.004483800089436223,8.171676459643239
5.738943,6.41675882590659
0.00021644,6.7132640271379005
0.818272,50.930316354978544
11.026292999999999,12.328587847062089
1.070622,1.19707116235686
1.208839,1.2088390109036622
13.377317,14.95728689528721
15.522286,15.522286140010175
3.863454,4.3197593272810195
0.721366,0.721366006506682
6.495e-05,2.0145375095296925
0.000925413172399544,1.6865553515995324
21.472499,24.00857570331687
0.013549559814056467,24.693924073893115
8.977361,10.03766032004493
120.370759,9.467864907198999
0.211244,0.23619363381372
0.244405,0.24440500220451983
34.849998,3.2768918529075286
2.97624,3.3277581408312003
2.902626,1.013677796712548
0.701559,6.608588882462849
6.368224,7.12036302806112
1.092863630063438,1.9879728009284596
8.187042,9.15399822085146
0.00015324,4.753005819250655
0.001288135406630691,2.3476126431231057
1.944698,2.17438264419474
2.2144983366693785,2.203471301749664
2.348127,2.6254598889725096
2.726849234558157,2.713270962119491
1.017259,0.021265059431011563
0.018739,0.02095222824807
0.410077,0.45851042762601
1.537e-05,0.476727352139667
4.592405,5.1348053667526505
5.355617,5.355617048307374
1.712137,1.91435429937381
3.657113,0.2876533480557454
0.814248,1.1249814282459911
0.47392999999999996,0.47393000427482285
5.361e-05,1.6628076348866327
4.139162721686776,7.529340974456877
7.303707,8.16633417583791
3.4148097121571883,6.211707152996549
6.329713,7.07730356586669
0.5128521447924634,0.9329033254460668
0.843095,0.94267137386235
4.806521,5.37421020711573
5.629702666373984,5.601669713329151
0.46412,0.16208362324675232
0.110426111,0.004363370869609334
39.140071,13.478812965109718
0.059118,2.3002249114246027e-05
0.088605,0.0010786570008139353
13.033374,14.572721430730619
56.467105,1.8124950089653469
0.645305,0.72152076682965
0.000414613089881498,0.7556278065177052
12.009298,1.129215868974761
1.024998,1.14605859703374
4.338364303101824,7.891698467982455
7.053595,7.886681915227349
28.062632,31.37705698839816
32.820616,32.82061629604017
0.040323,0.3798370906902333
0.316625,0.35402098666125
2.781525,0.957884190674483
0.868251,0.97079850198063
1.657327,0.05319728921331298
23.367072,26.12691317749536
27.157011055169132,27.021783448870355
0.167362,0.18712881285306002
21.3935280994359,0.24252725794687688
26.589494000000002,29.729929413986223
0.0009826400000000001,30.478293123391175
87.369954,97.68905588512602
0.05570653175025029,101.52454281455847
0.317406,0.11084701051507946
1.053489,0.017572813428467917
2.554898995,0.10095412895213854
0.771948,0.2658386263732254
4785.790265,0.04446706764133995
17.674139,0.006876838664329158
0.786531,0.016441858424779684
0.645045,0.007852630270188192
0.019247,0.133208364531459
2825.731204,0.13257148843896224
2.151503,2.4056129960193897
4.915330263654369,1.018719532255155
1.054323,0.07877997162115226
14.022297250000015,0.15896346251781665
8.617663,0.27661186413656835
3.835352,0.11659211231289399
0.203212,0.00790175204740928
0.801017,0.06300467661228105
0.313918,0.4337154282136708
0.180659,0.18065900162953435
1.2199870207362487,2.219216513380196
2.24647,2.5117963708011
0.030887,0.2909512739664519
0.240498,0.26890276904874
0.783435,7.379849493958856
11.462142,12.815914157414461
191.67496472120925,2.1729189965691065
3.279998,4.276328469726907
0.922502,8.689841426380022
2.383919,8.90251412836821
14.827718,16.578992045147338
2.6374411785290532,4.797635480522037
4.915828,5.496427252481641
100.529623,0.004716429409298384
0.009829000000000001,0.01098988480977
0.21782,0.006621580992825319
0.053677749771926624,0.09764247214946636
0.103149,0.11533173550137
1271.7667985581988,1265.4340699825132
3.95032,37.21146879189154
31.277784,34.97194457878392
3.074986,3.43816684623618
3.557965,3.557965032092651
3.539367,3.95739501775371
0.002237461302507972,4.077748670852547
0.252218,0.28200699633234
9.31e-06,0.28876588473782044
5.328131,5.9574265888050295
6.170711613320885,6.139984720772428
11.252746,12.58178678742498
0.00041672,12.925297474537542
17.404601812139635,31.65982841932011
28.560524,31.93375408146012
22.785947,7.846881980513088
14.0715,15.733458551295
267.504442,8.586423299035078
0.162081,0.18122408381853
0.181823,0.1818230016400336
3.420034,3.82396782027642
0.00012818,3.975726219730808
4.561759,42.97113972149861
1303.747285,41.848000654799314
2.693368950356274,4.899370853674307
4.964471,5.550815386249229
0.65891394,0.11722591305103654
0.10232,0.11440482386159999
14.716518,16.45465842109134
17.129073,17.12907315450331
0.108809864,0.004299506580502083
0.00376,0.004204086568799999
0.008907,0.08390270978791034
0.193514,0.21636957666881998
2.469787,0.07927582989614038
7.271399,0.22104562211756967
55.451664,0.021575712796905653
0.019234,0.02150569177242
0.800515,0.2756763512453722
0.238679,0.26686893036027
10.172753,3.552608516405821
3.10061,3.4668172489593
12.27742174,2.1842487857885438
1.908417,2.13381656313021
2.05,19.310716859236127
4.991098,18.638771057687073
32.321346000000005,36.13875973514298
941.186134,0.008745010785312642
0.034762,0.03886767481506
0.95325,0.030597652691708156
6.980916,7.805418934447079
99.083755,7.793517417614716
0.045341,0.16932156381753868
0.146829,0.16417069861977
1.444139,1.61470355675007
51.24989,1.645031560145027
7.398111,8.27188805574243
0.00469763,8.561379125165363
4.86139,5.4355596821007
0.003102032877715767,5.65342087922046
5475.433427,0.25688443339490324
0.223504,0.24990163948752
0.054013,0.060392374425689996
1.918915,0.06159380510349766
0.028288,0.03162904278144
1.03e-06,0.03194724610955479
0.351335,1.3120264578159933
1.113799,1.24534771708587
18.708936021238095,34.03247662507819
30.539682,34.146666731814655
0.672132,0.7515162536331599
25.583489,0.7777207992496356
1.578598,1.7650432578017399
1.786269,1.7862690161120494
39.536316,44.20587634984908
0.00147273,45.67928909021807
0.297529,2.802682086054471
2.352794,2.6306780996152197
6.149995,0.5782745959102218
0.464441,0.5192952580053299
6.725565,63.35389338214069
52.803621,59.04015793353873
0.5315392099519317,0.9668960178957592
0.911035,1.01863564021455
44772.084565,2.1005189321953415
1.836691,2.05361913939783
0.262268,2.4705283362137274
2.049998,2.2921194302837398
1.20058492,0.0474398420715935
1.0825690000000001,1.21042920018597
5.773519,0.18531983128348092
0.9913739131780559,0.9864373934353723
4.548721,6.284604502894122
2.617793,2.6177930236123506
0.334546,0.37405860245898
1.253e-05,0.38863979975992374
14.89414,5.129150821830631
289479.166652,2.6896894706005683
126141.062723,5.918011031901604
48.369986000000004,54.08287459458618
166.54154814152832,34.51632320178049
63.000533,4.707457014460906
25.623936,0.8224833929426252
24.842896,0.7552072718774039
1177.525864,0.05524458810692137
0.048172,0.05386150483836
1.91958,0.6610529600614499
0.552133,0.61734439614129
2.8073868919308382,5.106775108361533
5.293818,5.91906094454034
68.92668646868023,125.38103948971757
237.93919,266.0417427846147
0.07830215718404704,142.70482221267264
0.205561,1.9363562284397255
5.47961,1.8870338357777856
87.729084,1.8339126860398443
58266.222209,2.7336074262930663
11.026264999999999,12.328556540034448
270.119543,8.211451802954096
3.575411,3.99769610719143
0.00230772,4.205794376042092
30.149373999999998,284.0029389254709
249.994727,279.5211367158305
9.20782250952698,16.749482919157916
17.630473,19.712775197045488
1.025021,0.09638115227321184
0.087464,0.09779420948232
1.899578,2.1239336053691398
2.196753,2.196753019814593
0.015631,0.0053829060621180275
0.004499,0.00503036847687
0.153365,0.05281487993197692
0.04416,0.0493756550208
1.28125,1.4325760415625
1.483803,1.4838030133838225
5.29361,5.9188283780493
0.00019792,6.138833932041828
0.432848,4.077368376139824
3.381502,3.7808848778112596
0.191203,1.8011058515300125
1.491747,1.6679344486031098
1.683873,1.88275209118749
7.129335,0.22883914634444183
1.676313,1.676313015120252
2.2937501884122806,4.172444631928553
3.748099,4.19077996394487
317.523169,355.02523672226397
0.2023470355306035,368.7752517824526
1.025,0.09637917767542531
0.077301,0.08643087655713
1.183049,1.6345243140971688
0.699466,0.6994660063091453
0.789109,0.27174842427048135
4097.474961,0.19223638598469775
3.5740929999999995,3.99622244067609
22.952048,0.7367204754968947
4.163258,0.1265602334084471
2.729009157331693,2.7154201296156564
15.131417,16.91856036612021
17.777641,17.777641160353355
3.890145,4.34960275137885
138.170618,4.435034441922559
11.70586909,2.0825651254717057
1.819924,2.03487182038212
70463.283136,0.6547080845464925
0.588301,0.65778413098713
1.395918,5.212920286739396
4.512918,5.04593030582334
1.231141,1.37654876127633
4.611e-05,1.4301820564190009
5.116252,5.72052295632876
0.0001889,5.859062903004756
4.614152,5.15912086425576
164.44063,5.2782557410392705
1.457412,13.728619745977094
11.479412,12.835223884819559
2.885788,3.2266230242564395
0.00010664,3.3076255583717686
119.336819,133.43146753223846
152.107514,4.882384353706935
0.00431095,133.71163166600505
8.097576,76.27804750348578
63.902185,71.44955257326406
0.232202,2.187310768852852
1.840608,2.05799876894304
0.242681,0.27134359909653
0.2794288607142486,0.27803745221614773
365.662052,408.84971317368274
0.01367731,424.22562008415025
0.069154,0.07732164962202
2.449261,0.07861698130537194
0.154842,1.4585902536184587
0.99097,0.3412640535075876
0.902922,1.00956442895586
3.2962155000002253,0.6831522872841368
43.388248,1.3926866438035153
0.041575,0.014317338592064296
0.012016,0.013435187290080001
1.025023,9.655575086441363
8.038289,8.98767628218957
1.0364052850996224,1.8852722890933402
2.001866,2.23830264977058
132.225,147.84184748925
0.08595956070211827,156.66035609520125
20.349805,1.9134609480539109
1.736045,1.94108602854585
1.111571,1.24285657217223
42.271206,1.2850161334744448
2.649478,2.96240289205614
3.065682,3.0656820276522847
29.950463,33.48785617756419
33.598268,33.59826830305455
0.366225,0.40947914990925
45.74072854806714,0.5185387571275661
0.084523,0.09450585347199
0.097561,0.09756100087999492
15.7642,5.428776645412387
4.650053,5.19926206423089
2.587867955239252,4.707459344320343
4.73897,5.2986808848261004
38.872428,43.463577779639635
0.02457375931068612,44.785406681527945
3.754624,4.19807561949312
143.469062,4.361362657229259
0.522918,0.5846788671233399
0.5872204904449613,0.5842964418031152
52.489796,58.68926764964148
59.450738,59.450738536242426
1.5388000000000002,1.7205447904439999
54.722733,1.7565037279570697
862.49855,964.3666408682116
0.5409795091329321,985.929218911002
19.995843,27.626659220682892
11.374042,11.37404210259324
0.734097,6.915092348397397
65368.9211,0.6073739289105923
6.348796,7.098640423311479
29.888189,33.41822711187657
0.019067295548115287,34.749936899882
11.557797,12.92286679058961
12.96625,12.966250116954871
1e-06,3.7344029425363066e-06
0.000411,3.5609070655771985e-06
4.336565,4.84874858277345
4.951056,4.951056044658256
0.050971,0.05699108949423
1.947466,0.05920165205111354
3.041094,3.40027192549422
107.624998,3.4545736268028167
2.05,0.19275835535085062
0.174605,0.19522727003865
19.52657,21.8328166680141
0.00072142,22.376099309082534
82.635307,92.3952085817459
10035.644074642905,113.76885700391526
6.105042,6.82609709419146
0.0002255,6.9942757259268
0.324874,3.0602682092329156
2.562498,2.86514984690874
0.057403,0.5407283316442593
0.1417,0.5291648969573947
0.393337,0.43979329752981
13.991248,0.4490945156334187
0.078945,0.7436509963182419
0.624173,0.69789290582649
0.013018,0.12262776198709069
0.4579413,0.08147131781166844
779.277922,0.03656046048573894
