sender,symbol,amount,value
osmo10xnqv49h7hh0gfspl7pq6w5nfqtkvj4rxzhel9,OSMO,20642.359785,23080.39029799355
osmo10xnqv49h7hh0gfspl7pq6w5nfqtkvj4rxzhel9,ATOM,1939.763062,18272.300128920437
osmo1tepmnj43qy30t3aa0e9vfgllw6xjer382d55hy,axlUSDC,6563.001735,6563.001794197919
osmo1tepmnj43qy30t3aa0e9vfgllw6xjer382d55hy,OSMO,5799.579858,6484.557389814046
osmo10xnqv49h7hh0gfspl7pq6w5nfqtkvj4rxzhel9,axlUSDC,6159.192479,6159.192534555582
osmo192n69zgxvue8kjmqa5zaa5rdkysfkzwqluyre2,axlWETH,3.172479960778254,5781.8099150449
osmo192n69zgxvue8kjmqa5zaa5rdkysfkzwqluyre2,OSMO,4922.247233,5503.604649087304
osmo1z4v55tku262akr660zv0s7e6f4hghya5c2rcla,ATOM,521.490228,4912.365920861704
osmo1z4v55tku262akr660zv0s7e6f4hghya5c2rcla,OSMO,4070.712548,4551.496794811816
osmo1dqgam0gwfegzlz37cpdd6plr49dtkus9s5ak9u,JUNO,1171.603355,4375.239016397409
osmo1dqgam0gwfegzlz37cpdd6plr49dtkus9s5ak9u,OSMO,3734.389982,4175.451799464754
osmo127rxtmsja3jses3dhq7nj2stkq53j3cw27yjlu,OSMO,3586.048643,4009.5901423137675
osmo127rxtmsja3jses3dhq7nj2stkq53j3cw27yjlu,ATOM,414.526196,3904.779513020595
osmo1u8hhzsg9zsn73w66gu4lx547fa9yf67z64jpnq,OSMO,3363.689303,3760.9683564783336
osmo1u8hhzsg9zsn73w66gu4lx547fa9yf67z64jpnq,axlDAI,3777.316720708658,3758.5076736697147
osmo1rjn0rnxjhd7hvacvwk8gu65sgwfnph7sl28ptv,ATOM,348.504259,3282.8619852618995
osmo1rjn0rnxjhd7hvacvwk8gu65sgwfnph7sl28ptv,OSMO,2745.260054,3069.497585341639
osmo1q0x6hfuknmgsmv3vv3tu60v8ph054qmynydc3y,ATOM,324.807757,3059.6442093222295
osmo1q0x6hfuknmgsmv3vv3tu60v8ph054qmynydc3y,OSMO,2543.649846,2844.075572685848
osmo13kj8rk8glvc5c0xftcmm2n8l6m8ep0yrk9xzk4,ATOM,301.858416,2843.4645868065913
osmo1eusaavlm9utz2a7nec3sungv6llua3lz0g7ya6,JUNO,727.764611,2717.76630479219
osmo13kj8rk8glvc5c0xftcmm2n8l6m8ep0yrk9xzk4,OSMO,2369.166816,2648.984678295814
osmo1eusaavlm9utz2a7nec3sungv6llua3lz0g7ya6,OSMO,2322.2327,2596.507261621851
osmo1usckzz6h4fkcknv4nkr2apqs4c4fwzc58gjek8,axlWETH,1.4022088007206595,2555.5101520581684
osmo1usckzz6h4fkcknv4nkr2apqs4c4fwzc58gjek8,OSMO,2241.555182,2506.3010728378295
osmo129xvhtfhplpul2tgqy9ufm40u62667f0qxgmw2,OSMO,2040.183267,2281.1454975226607
osmo1y8djj550x4u3cf48kh9nd486hpps4rjkf7jpyl,ATOM,240.818346,2268.475558105151
osmo1y76k2egpryndqm8vrstmfjlx0ue3hc00e082td,ATOM,236.575169,2228.50541682192
osmo1y8djj550x4u3cf48kh9nd486hpps4rjkf7jpyl,MED,77848.893676,2204.72519892702
osmo1ky7wgt03lwp2sa8fcxgmcd5j49ctwxq2tynnyv,ROWAN,188880.2488773663,2141.236762241156
osmo1y76k2egpryndqm8vrstmfjlx0ue3hc00e082td,OSMO,1857.612094,2077.0111846877244
osmo129xvhtfhplpul2tgqy9ufm40u62667f0qxgmw2,ATOM,210.769774,1985.4221600971653
osmo1ky7wgt03lwp2sa8fcxgmcd5j49ctwxq2tynnyv,OSMO,1470.79255,1644.5051076984314
osmo12u8tq4za4vpk9htygj99ykk5pjrwp8g7a9g30p,ATOM,166.552637,1568.9028367151877
osmo1m59jgm3u5rvxrw8z7q2c6zdd0xt6y0cgw8hcfq,ROWAN,136943.07617411047,1552.4521530505776
osmo12u8tq4za4vpk9htygj99ykk5pjrwp8g7a9g30p,JUNO,411.692061,1537.4240440172366
osmo1d00m4h4q8pfvd9rdp5w34ndwt8flfgzzlemx0m,ATOM,130.818182,1232.2892061668392
osmo1rrrlpgf7fnlcs2ehh6dyesgs5v6pxdur3ycm3n,axlUSDC,1227.207308,1227.2073190693432
osmo1m59jgm3u5rvxrw8z7q2c6zdd0xt6y0cgw8hcfq,OSMO,1071.986591,1198.596922648085
osmo1rrrlpgf7fnlcs2ehh6dyesgs5v6pxdur3ycm3n,OSMO,1071.096201,1197.6013703502142
osmo1qp749jf5nf8cgs374prymzsm8pl8xjgafjkpqd,OSMO,1034.116709,1156.2542997017442
osmo1d00m4h4q8pfvd9rdp5w34ndwt8flfgzzlemx0m,OSMO,1022.027681,1142.7374592111466
osmo1qp749jf5nf8cgs374prymzsm8pl8xjgafjkpqd,CRO,6211.97245768,1105.158198959077
osmo15cza2urz6zpr6tg7zkvt82rv2q0v0cw435jgcx,axlUSDC,1088.720495,1088.7205048201997
osmo15cza2urz6zpr6tg7zkvt82rv2q0v0cw435jgcx,OSMO,970.297187,1084.8971733008302
osmo1qz02x57fyjdzs5emzx4mvvgx8vpgv7ft9apak4,OSMO,754.209516,843.287791562965
osmo1ed0hmq97ew4a40gpa4nprnmh5kd7vsss2r9rwv,ATOM,88.458134,833.2634046684724
osmo1v5gwad9wxv6vpvj4048x9r6awgmakw2ch4jx50,ATOM,87.663646,825.7794374411257
osmo1ed0hmq97ew4a40gpa4nprnmh5kd7vsss2r9rwv,OSMO,731.48754,817.8821654677001
osmo1v5gwad9wxv6vpvj4048x9r6awgmakw2ch4jx50,OSMO,694.508755,776.535885321678
osmo1slhv6gxg5h48gghf2jwjm64w8t7edynppqp2vx,axlWBTC,0.02271508,704.5478166584714
osmo1slhv6gxg5h48gghf2jwjm64w8t7edynppqp2vx,OSMO,607.04834,678.7456842570042
osmo13f0eg9yxkckz45fw0dsaxzejpldld6vpmmp7j7,OSMO,598.9551329999999,669.6966037125312
osmo1jg9wr5u9cm04g0sswegskg3tawgylem6sndy5y,ATOM,70.781781,666.7546008211997
osmo1m4v7zwadpadahzqfszz3kflg55f7ap2l6sz3e6,ATOM,70.495995,664.062536173232
osmo1lytkaq224pneqhqj5em70tkldrz76st8grxa5j,OSMO,593.520733,663.6203568908593
osmo1m4v7zwadpadahzqfszz3kflg55f7ap2l6sz3e6,EEUR,646.342205,655.1698395436472
osmo1lytkaq224pneqhqj5em70tkldrz76st8grxa5j,ATOM,69.246427,652.2917782003726
osmo1jg9wr5u9cm04g0sswegskg3tawgylem6sndy5y,XPRT,461.581273,637.7299787670867
osmo1g40gzgswcl7shzm8nr8k283ue07x9ut43xlnhy,ATOM,66.365397,625.1528735208774
osmo1vesuj4a0f7zfyngnq9pqjqta3gy9r5j45yz5rs,ATOM,64.811628,610.516584143483
osmo1g40gzgswcl7shzm8nr8k283ue07x9ut43xlnhy,OSMO,537.092338,600.527309678508
osmo1vesuj4a0f7zfyngnq9pqjqta3gy9r5j45yz5rs,OSMO,526.485627,588.6678598768475
osmo10ze4wxhkgfzgknr0779ml7w0a655tn98x6sw4u,JUNO,143.540338,536.037460599856
osmo1ywgp5ar9w6gfny8vzx8gxsgtuc3zu0kq5yacxe,ATOM,54.798773,516.1968729934407
osmo10ze4wxhkgfzgknr0779ml7w0a655tn98x6sw4u,OSMO,453.707116,507.293615038453
osmo1wfyaqhxsczc4mlgk54trxznmqkld09p79phzqn,ATOM,51.919888,489.07817391768367
osmo1wy0qnu62k4qx8kfvc2q6n76cxnxgpgmqcyqsnu,ATOM,51.041171,480.8007811438313
osmo1qz02x57fyjdzs5emzx4mvvgx8vpgv7ft9apak4,axlDAI,478.64158396814327,476.25820107141806
osmo129xvhtfhplpul2tgqy9ufm40u62667f0qxgmw2,JUNO,119.356517,445.7253282956847
osmo1wy0qnu62k4qx8kfvc2q6n76cxnxgpgmqcyqsnu,OSMO,397.351015,444.281400335252
osmo1qz02x57fyjdzs5emzx4mvvgx8vpgv7ft9apak4,axlUSDC,404.2094,404.20940364594685
osmo13f0eg9yxkckz45fw0dsaxzejpldld6vpmmp7j7,CRO,2212.52053869,393.6246064123434
osmo1wcmq5uc676lzleph9j68vwc28u33plw5grs69l,OSMO,340.478163,380.6914021377652
osmo127rxtmsja3jses3dhq7nj2stkq53j3cw27yjlu,axlUSDC,372.301441,372.3014443581388
osmo1ywgp5ar9w6gfny8vzx8gxsgtuc3zu0kq5yacxe,CRO,2084.42628673,370.83564304240684
osmo1vj06gt7dhevlzxfg9ucnztsyehh6mvxnsk9229,ATOM,36.753524,346.2131197771413
osmo135xvlsvganznl8hsjnh4vxflqdzyc4zhx6hhg8,axlUSDC,336.595276,336.59527903607113
osmo135xvlsvganznl8hsjnh4vxflqdzyc4zhx6hhg8,OSMO,300.252821,335.7151202155347
osmo1npuc2enzqhakc45wkref9qa82ha5t5083ewcfv,OSMO,294.773959,329.58916007018667
osmo1pluvppw3973qkk5rt8w0mmdsqx03hy6xl84etm,ATOM,34.804681,327.85528788635867
osmo1npuc2enzqhakc45wkref9qa82ha5t5083ewcfv,axlUSDC,323.564426,323.56442891853357
osmo1vj06gt7dhevlzxfg9ucnztsyehh6mvxnsk9229,OSMO,287.958813,321.96908992044973
osmo13shd9qcuycllwwfplzy5sagvjw3dn5vkchma9h,ATOM,33.991259,320.1929649941277
osmo1rejv949h6k78u7fyeudv3lqgveqpfr0du2nwlq,ATOM,32.55053,306.62149680393725
osmo1pluvppw3973qkk5rt8w0mmdsqx03hy6xl84etm,OSMO,272.928046,305.163067137614
osmo13shd9qcuycllwwfplzy5sagvjw3dn5vkchma9h,STARS,9506.509412,305.1422746381649
osmo1jzkah2lzef3ywvr9tdfe6d8empdl7nhz2pce3k,JUNO,80.649559,301.1779504438555
osmo1g5ynr0lv2pvg0y7t7zr6v8w0qm6zhps5x0egjx,UMEE,9472.798327,287.9666759293484
osmo1jzkah2lzef3ywvr9tdfe6d8empdl7nhz2pce3k,OSMO,255.809029,286.0221550523058
osmo1g5ynr0lv2pvg0y7t7zr6v8w0qm6zhps5x0egjx,OSMO,251.971929,281.73186234668276
osmo1xqm7e6mahm7z288cpq53cd68530a2hqkmunzjw,ATOM,29.134905,274.446781061338
osmo1rejv949h6k78u7fyeudv3lqgveqpfr0du2nwlq,EEUR,270.485907,274.1801586173811
osmo1xqm7e6mahm7z288cpq53cd68530a2hqkmunzjw,JUNO,72.060612,269.1033614937671
osmo13v04eleavls6pudptc0lg7t3yte6fxn7tshdjv,ATOM,27.57988,259.79866033741916
osmo1h5jr4w7vj5m0cxemwhtnhn33vckrdnw9wdw4wn,CMDX,741.677761,255.41435070213203
osmo1cwj3vqxk6p7e6ntxt8925m3l9d6l0jr554d3e7,ATOM,26.658106,251.11567657048963
osmo13v04eleavls6pudptc0lg7t3yte6fxn7tshdjv,OSMO,223.965384,250.41751668897192
osmo1fkhgf745spwsjxt3j3vd59pwhrt3cank30e3l9,axlWETH,0.13678114040655476,249.2821274116928
osmo1h5jr4w7vj5m0cxemwhtnhn33vckrdnw9wdw4wn,OSMO,218.149339,243.91454949002608
osmo1w69hvwaqn23kmyx4vw7lgwgwu0ssyh7wu2hu5y,OSMO,217.31654300000002,242.9833935117946
osmo1fkhgf745spwsjxt3j3vd59pwhrt3cank30e3l9,OSMO,214.410245,239.73383808979185
osmo1wfyaqhxsczc4mlgk54trxznmqkld09p79phzqn,CMDX,695.727332,239.590229224234
osmo1cwj3vqxk6p7e6ntxt8925m3l9d6l0jr554d3e7,OSMO,210.083326,234.89587477804037
osmo1l33nmyxr5tkwc6hmp259zgk5c58j2zyjj8xn73,axlUSDC,230.254926,230.25492807688693
osmo1ztf98y3uenpj2hd6675ekc4ghmvrf7gedrv922,JUNO,61.379569,229.21604308521026
osmo1ztf98y3uenpj2hd6675ekc4ghmvrf7gedrv922,OSMO,200.128067,223.7648187538847
osmo1y5rqpjeawcal6elstpdwhvnhet9lgts3mt9w0d,JUNO,59.4237,221.9120401363947
osmo1l33nmyxr5tkwc6hmp259zgk5c58j2zyjj8xn73,OSMO,196.725401,219.96027023561012
osmo1y5rqpjeawcal6elstpdwhvnhet9lgts3mt9w0d,OSMO,189.227939,211.57729701904407
osmo1yte9x7rytzch3yrgyvhnc99m5ga4rrfsx3yyc8,ATOM,22.170113,208.83940238061953
osmo1nvn4sfc3r2d69c7v0j9v7ak87xepz9q59a6ug0,ATOM,21.643874,203.8823036834061
osmo1nvn4sfc3r2d69c7v0j9v7ak87xepz9q59a6ug0,CMDX,584.55075,201.30393294035184
osmo1yte9x7rytzch3yrgyvhnc99m5ga4rrfsx3yyc8,STARS,6166.921314,197.94735540819775
osmo1wcmq5uc676lzleph9j68vwc28u33plw5grs69l,STARS,6129.234922,196.73768833909773
osmo1r9yetwqdfqcrky4yd07rwrkhumkphdqzywvp0e,JUNO,51.315216,191.63169362728615
osmo18v85clkgwzvuugp03xf4e4etl5qqqtc7mxzv56,OSMO,165.694687,185.2645766325053
osmo1r9yetwqdfqcrky4yd07rwrkhumkphdqzywvp0e,OSMO,165.655433,185.22068641597028
osmo1wfyaqhxsczc4mlgk54trxznmqkld09p79phzqn,SCRT,136.401007,177.83410524442974
osmo1yuycef80txefx4fu4gc7kwzvql0ckuyhy2zrf3,ATOM,18.457201,173.86428415854144
osmo1yuycef80txefx4fu4gc7kwzvql0ckuyhy2zrf3,JUNO,45.06441,168.28866530766257
osmo19lzth5nagypjt879rf2spz3canv390ytzs98z7,OSMO,149.055068,166.65968334850282
osmo19lzth5nagypjt879rf2spz3canv390ytzs98z7,UST,19012.012771,164.72022045522587
osmo10yfc726n5exjpswd82dsrlvn2k8g6stptttwwc,OSMO,146.931657,164.28548024607142
osmo10yfc726n5exjpswd82dsrlvn2k8g6stptttwwc,UST,18473.216222,160.05208313590052
osmo1grlzew508av793wwec4gnzvel5l7we3tnt0gw3,ATOM,16.761412,157.8901859965867
osmo1nvn4sfc3r2d69c7v0j9v7ak87xepz9q59a6ug0,ION,0.168192,151.58162562787533
osmo1w69hvwaqn23kmyx4vw7lgwgwu0ssyh7wu2hu5y,axlUSDC,150.977778,150.97777936181134
osmo1w8sfjgtkq5vg0u2pks22fsvdlnpjtd5fnpkduh,axlUSDC,150.665642,150.6656433589959
osmo18v85clkgwzvuugp03xf4e4etl5qqqtc7mxzv56,ATOM,15.87021,149.49518624713062
osmo1w8sfjgtkq5vg0u2pks22fsvdlnpjtd5fnpkduh,OSMO,133.268018,149.00805439478634
osmo1grlzew508av793wwec4gnzvel5l7we3tnt0gw3,OSMO,132.211991,147.82730202058684
osmo10hseevv04h4vlae36edzeeaa4km582ryq5anyu,axlUSDC,147.157102,147.15710332734906
osmo1wcmq5uc676lzleph9j68vwc28u33plw5grs69l,UST,16757.070866,145.1833869710881
osmo1dg8jhryteex7lu0l7s5xfxeq5hh9wxmsrh9uz9,ATOM,15.337319,144.47542662867443
osmo10hseevv04h4vlae36edzeeaa4km582ryq5anyu,OSMO,126.482129,141.42069673460875
osmo1dg8jhryteex7lu0l7s5xfxeq5hh9wxmsrh9uz9,JUNO,37.728304,140.89268947450432
osmo13f0eg9yxkckz45fw0dsaxzejpldld6vpmmp7j7,SCRT,101.516798,132.3534872408201
osmo10hfp70p9nucq7grtmasskyut7qt9ezp0645h02,ATOM,13.761167,129.62829248276284
osmo14z0djyy7v8xkteh5lash3tx9svsfzzavxvn8mv,NETA,2.070977,128.90030915622728
osmo1t2e08me8mw502cgsxfrgk8hp48saqheaw3g9jq,axlUSDC,125.429531,125.42953213136755
osmo1ywgp5ar9w6gfny8vzx8gxsgtuc3zu0kq5yacxe,OSMO,112.039769,125.27257660222196
osmo1t2e08me8mw502cgsxfrgk8hp48saqheaw3g9jq,OSMO,111.815301,125.02159710649714
osmo10hfp70p9nucq7grtmasskyut7qt9ezp0645h02,OSMO,108.498312,121.31284473847656
osmo1faf8txl48hlnt7c866dnlpe90cvvhwue608s4m,ATOM,12.196068,114.88527607023914
osmo1faf8txl48hlnt7c866dnlpe90cvvhwue608s4m,JUNO,30.092919,112.37908526310672
osmo1gmsxq4f2wjn80f2ywmz37zejkkru6zwsyjp3hu,OSMO,92.314692,103.21780764364595
osmo13f0eg9yxkckz45fw0dsaxzejpldld6vpmmp7j7,ATOM,10.951937000000001,103.16573388643509
osmo1qt96seyh5f2lyywrpnwpvjz7c8gplzmtqvj2ht,axlUSDC,101.87041,101.87041091886557
osmo1qt96seyh5f2lyywrpnwpvjz7c8gplzmtqvj2ht,OSMO,90.759303,101.47871455743339
osmo1gmsxq4f2wjn80f2ywmz37zejkkru6zwsyjp3hu,UST,11707.747488,101.43601156207517
osmo1e7s48qmts89x6k243uu8n3rsha99qqutkjcgzw,OSMO,86.520984,96.73981562599991
osmo1c3xhz65yh5qj78rp5tprkckdga263wfl7mmgp7,ATOM,10.268603,96.72882198678178
osmo1e7s48qmts89x6k243uu8n3rsha99qqutkjcgzw,SOMM,200.620989,96.55808308775018
osmo1q5cv296zedshm3eggg9ps90jx3fhad55ndxwrw,ATOM,10.092351,95.06855249025786
osmo12dgkqptzht3me6znqxuxaulxswh5c0gk4cj8qw,OSMO,84.69182,94.69461248649661
osmo1w69hvwaqn23kmyx4vw7lgwgwu0ssyh7wu2hu5y,axlWETH,0.051482227177588866,93.82579408664161
osmo15ez8twgazsgytavyyffzrwafujng0yczvsmedk,ATOM,9.943651,93.66781902832204
osmo1c3xhz65yh5qj78rp5tprkckdga263wfl7mmgp7,BTSG,5613.178512,93.6311045792231
osmo1q5cv296zedshm3eggg9ps90jx3fhad55ndxwrw,OSMO,83.149592,92.97023482138295
osmo12dgkqptzht3me6znqxuxaulxswh5c0gk4cj8qw,UST,10652.990458,92.29758878690676
osmo19yjgge664j2csetcnxxjn3hcwf642eadya26dt,ROWAN,8006.545982451645,90.76603137753524
osmo1hykm6nc7mkz6kn8j0sfkkjgcjgn8mytk4xaa0k,EEUR,87.35335,88.54640755372002
osmo1x6gvw82e27x6jkxmh8jlelmj4gn6mwlpsxmfha,STARS,2655.26079,85.22921317422566
osmo1rncc9x794q6le56vryjtljnvjl2recn3w2htdp,CRO,478.24365464000005,85.0832645550625
osmo1hykm6nc7mkz6kn8j0sfkkjgcjgn8mytk4xaa0k,OSMO,76.005275,84.98211590038575
osmo1rncc9x794q6le56vryjtljnvjl2recn3w2htdp,ATOM,8.860951,83.4689345680806
osmo1x6gvw82e27x6jkxmh8jlelmj4gn6mwlpsxmfha,OSMO,74.62962,83.4439848608106
osmo1ptektdahwjdlh5s58u0p2yxn22jjfqcjc4e4yr,axlWBTC,0.00268173,83.17853233920033
osmo1ptektdahwjdlh5s58u0p2yxn22jjfqcjc4e4yr,OSMO,71.976366,80.47735999245558
osmo1nygfrjwr5a0vzgdpsnsexkjprcd49vs8md86ck,axlUSDC,79.906054,79.90605472074826
osmo1nygfrjwr5a0vzgdpsnsexkjprcd49vs8md86ck,OSMO,71.232983,79.64617741645179
osmo1uvxs9q40jl72q9p3jsx53zh65uksxtm6hw6xjh,ATOM,8.258562,77.79451338851064
osmo18v85clkgwzvuugp03xf4e4etl5qqqtc7mxzv56,STARS,2413.497333,77.46903033569147
osmo159n5q0sxvvgmty6q76kl286zv9hu5sajaqt9gq,UST,8821.442271,76.42904163354079
osmo159n5q0sxvvgmty6q76kl286zv9hu5sajaqt9gq,OSMO,68.118396,76.16373237015948
osmo18xghup22yvqzagfes4elvxxaw7uq3spceez9td,ATOM,7.967995,75.05741238088252
osmo18xghup22yvqzagfes4elvxxaw7uq3spceez9td,OSMO,65.520567,73.2590786449097
osmo1uvxs9q40jl72q9p3jsx53zh65uksxtm6hw6xjh,OSMO,64.764786,72.41403376431018
osmo15ez8twgazsgytavyyffzrwafujng0yczvsmedk,SCRT,55.427606,72.26426648632282
osmo13f0eg9yxkckz45fw0dsaxzejpldld6vpmmp7j7,XPRT,51.513,71.17139779678395
osmo1hf70zntf5pw99npkegrezn0v78mfvp4crj5xjj,axlUSDC,70.38447,70.38447063486409
osmo19yjgge664j2csetcnxxjn3hcwf642eadya26dt,OSMO,62.749472,70.16069479640736
osmo1hf70zntf5pw99npkegrezn0v78mfvp4crj5xjj,OSMO,62.306994,69.66595654726122
osmo1yee93psptznflm9x3sw6ccntn3537z8eznxjpq,STARS,2133.261394,68.47394831811297
osmo1jl73mvf0zjv7rwg79s8ng9xdlql8c06mk8z4pd,JUNO,18.221063,68.04479128333942
osmo1yee93psptznflm9x3sw6ccntn3537z8eznxjpq,OSMO,60.406304,67.54077960565151
osmo1jl73mvf0zjv7rwg79s8ng9xdlql8c06mk8z4pd,OSMO,59.734576,66.78971506770287
osmo1sm8peyeg0cj6wr8w0wl305k6w5yz2mj3p3zppt,ATOM,6.746161,63.54790485747378
osmo1zgp4dhwdg20amph0gwwp4f32rcsu24wmcxvq4g,OSMO,55.07973,61.58509391120489
osmo1lqxwdzlxvvh700sxagcm5flw2tpmp890s76lsj,EEUR,60.62705,61.45508418486252
osmo18vln3u6et46gekr8wr2j9lexnhu52xce3qa05k,ATOM,6.448472,60.7437155935181
osmo1yjwr499xz47fv658y5zgmql3t6ug9v63xumpap,OSMO,53.949121999999996,60.32095191456185
osmo1zgp4dhwdg20amph0gwwp4f32rcsu24wmcxvq4g,UST,6952.975621,60.24063264137447
osmo1qp749jf5nf8cgs374prymzsm8pl8xjgafjkpqd,DSM,2865.310339,59.897228382473784
osmo1sm8peyeg0cj6wr8w0wl305k6w5yz2mj3p3zppt,OSMO,52.862899,59.10643714726887
osmo1lqxwdzlxvvh700sxagcm5flw2tpmp890s76lsj,OSMO,52.62172,58.8367729465836
osmo1xcquwffc0efn34pazvlsrasvnu5ctunk2ph85y,OSMO,52.615263,58.829553322388186
osmo14hg3dtn0gc0dadmjth7hhpmtxnlwdepyh7mxue,axlUSDC,57.970159,57.97015952288769
osmo134ea3yazv5rfr7ydtdq5czxw0sl4aa2ufrgwyf,ROWAN,5105.618509168728,57.87973126247293
osmo1yjwr499xz47fv658y5zgmql3t6ug9v63xumpap,UST,6669.055982,57.78075077137149
osmo1xcquwffc0efn34pazvlsrasvnu5ctunk2ph85y,STARS,1792.55521,57.537877520369236
osmo1swhkyme264u7r5k7vuy78femtes55dkpqw5z73,OSMO,51.357618,57.42337022323434
osmo14hg3dtn0gc0dadmjth7hhpmtxnlwdepyh7mxue,OSMO,51.202542,57.24997848686646
osmo18vln3u6et46gekr8wr2j9lexnhu52xce3qa05k,OSMO,50.350358,56.29714462821054
osmo1w83rmdhrqudkj5qgs0c8lea6ypacp55360j77e,ATOM,5.9309,55.86825883924076
osmo19pa99uc974p5055sqezy2uk3prstwvrpu92upg,OSMO,49.318875,55.14383509995375
osmo19pa99uc974p5055sqezy2uk3prstwvrpu92upg,UST,6321.201083,54.766933331846566
osmo1w7wl545shmmlwwqhdwcju7er45nadq4cuu5l5w,XPRT,39.369559,54.39377525426506
osmo1w83rmdhrqudkj5qgs0c8lea6ypacp55360j77e,JUNO,14.466025,54.02196632680378
osmo1dfwm8kvaq330nzpml86hex6wy8qjm9cc9vfznw,ATOM,5.671506,53.42480318607749
osmo1lytkaq224pneqhqj5em70tkldrz76st8grxa5j,SCRT,40.747177,53.1245180838834
osmo1dfwm8kvaq330nzpml86hex6wy8qjm9cc9vfznw,JUNO,13.96451,52.14910723507768
osmo1fwtlm9spclvzle8rw0gezkphg7uh8v6gax9m4d,JUNO,13.895022,51.88961104340672
osmo1uryp8xxqhfhf2sd40usud4kz4gx9jn4ftnsvg5,OSMO,45.801897,51.211473405122604
osmo1m2wjpcc9lvspndvuwnk3d9zml9s76v7vd679qz,axlWBTC,0.00161481,50.08614804870889
osmo1dqgam0gwfegzlz37cpdd6plr49dtkus9s5ak9u,ATOM,5.313941,50.056590272041994
osmo13tz2c803xy089usw069vmga8lfurf5a5mmtjru,axlWETH,0.02745356425645078,50.03381959340426
osmo16euxkvyt8fqcjtfnpe7rqw8730v5p2t64nsp0t,ATOM,5.245533,49.41219636038022
osmo1ssxqvhz3datp0apqkf4tkyjm95qesd4dx6w7mp,ATOM,5.209062,49.068644577661594
osmo1fwtlm9spclvzle8rw0gezkphg7uh8v6gax9m4d,OSMO,43.672585,48.83067234661605
osmo1lhxpf027r3cje4aa5zc3c29synvj2ldyllxf6s,OSMO,43.614281,48.76548217020452
osmo1aavlnvef7tw2a75s72uwyf67gvf5q8n579tduk,OSMO,43.603775999999996,48.75373644429888
osmo13tz2c803xy089usw069vmga8lfurf5a5mmtjru,OSMO,43.5067,48.645194979471
osmo16euxkvyt8fqcjtfnpe7rqw8730v5p2t64nsp0t,JUNO,13.006984,48.573319323122654
osmo1dqgam0gwfegzlz37cpdd6plr49dtkus9s5ak9u,CMDX,140.959851,48.5428722706899
osmo1swhkyme264u7r5k7vuy78femtes55dkpqw5z73,EVMOS,26.604828063105906,48.39549336980188
osmo1ssxqvhz3datp0apqkf4tkyjm95qesd4dx6w7mp,JUNO,12.922699,48.25856517111099
osmo1m2wjpcc9lvspndvuwnk3d9zml9s76v7vd679qz,OSMO,43.016623,48.09723590144499
osmo134ea3yazv5rfr7ydtdq5czxw0sl4aa2ufrgwyf,OSMO,43.011238,48.09121488916494
osmo1lhxpf027r3cje4aa5zc3c29synvj2ldyllxf6s,ATOM,5.042941,47.5038077018698
osmo1wfyaqhxsczc4mlgk54trxznmqkld09p79phzqn,BTSG,2842.364032,47.412296502501505
osmo1ygt5q28smu68ltywdkamwa57ps7w8vvxjxc93t,ATOM,4.977753,46.88974574546986
osmo1ygt5q28smu68ltywdkamwa57ps7w8vvxjxc93t,JUNO,12.198701,45.55486490952058
osmo1vaysxz87gfl0wm6n5rvy7ec6qm73rep79cn8g6,OSMO,40.632081,45.43106010491853
osmo1vaysxz87gfl0wm6n5rvy7ec6qm73rep79cn8g6,SOMM,94.215856,45.34571630404786
osmo1wde6kapm6w2ed338fe27s7763u2puykypp7sqk,axlUSDC,45.14815,45.148150407233864
osmo1wde6kapm6w2ed338fe27s7763u2puykypp7sqk,OSMO,39.801709,44.502614420794174
osmo1adzlr4t3cky4x5m9pg8y9nuavhxl8hyyxwduhd,axlUSDC,43.282862,43.282862390409065
osmo1vaysxz87gfl0wm6n5rvy7ec6qm73rep79cn8g6,ATOM,4.581998,43.16178830613961
osmo1adzlr4t3cky4x5m9pg8y9nuavhxl8hyyxwduhd,OSMO,38.230626,42.74597374558938
osmo17g8qhml8a3v3gtesj80e0xae0unj86klm9xpet,axlUSDC,42.494537,42.494537383298415
osmo1vaysxz87gfl0wm6n5rvy7ec6qm73rep79cn8g6,JUNO,11.293014,42.1726647117037
osmo17g8qhml8a3v3gtesj80e0xae0unj86klm9xpet,OSMO,37.497059,41.92576651898967
osmo1eh0vums0v89mpulj6uykt8k7g70nvwxcycq47m,axlUSDC,41.817046,41.81704637718748
osmo1qx46s5gen6c88yaauh9jfttmfgdxnxxsckx0ce,OSMO,36.777058,41.12072754728154
osmo1eh0vums0v89mpulj6uykt8k7g70nvwxcycq47m,OSMO,36.557241,40.874948372469326
osmo1eqdj7jsa0ypvxdvwert6s2sf8qqux6vs2hady4,axlUSDC,39.692196,39.692196358021455
osmo1wcmq5uc676lzleph9j68vwc28u33plw5grs69l,SOMM,82.451916,39.6837788287057
osmo1slvy9lupfute6sz05jp76xly6xavs04hcxylu9,ATOM,4.181747,39.39147916778541
osmo1eqdj7jsa0ypvxdvwert6s2sf8qqux6vs2hady4,OSMO,35.088269,39.232478836526965
osmo1gqylk9jknp043qd79thldxalz6vhnr4txtn7u4,ATOM,4.1438690000000005,39.03467363939802
osmo16mdmh3lfphnmqzn20c59x75nfhfktfz9wexzep,DVPN,27254.064383,38.99049666601347
osmo1wfyaqhxsczc4mlgk54trxznmqkld09p79phzqn,OSMO,34.133281,38.164698989674534
osmo1nvn4sfc3r2d69c7v0j9v7ak87xepz9q59a6ug0,OSMO,33.796356,37.78798040797428
osmo1slvy9lupfute6sz05jp76xly6xavs04hcxylu9,STARS,1164.041713,37.363696882281694
osmo164zttnpu52tkjjcmq42ts0nfu0872wfm5ahyld,ATOM,3.934227,37.059874954615594
osmo1wvffqyahhr33w3rupsr5rj30n9jpulnuaw2qqm,OSMO,32.446327,36.2785020073385
osmo1ed0hmq97ew4a40gpa4nprnmh5kd7vsss2r9rwv,STARS,1115.485127,35.805115655611814
osmo1uryp8xxqhfhf2sd40usud4kz4gx9jn4ftnsvg5,GRAV,2903.138647,35.34214576965234
osmo1wvffqyahhr33w3rupsr5rj30n9jpulnuaw2qqm,UST,4076.961704,35.3228266128011
osmo1w8sfjgtkq5vg0u2pks22fsvdlnpjtd5fnpkduh,axlUSDT,37.287409,35.20918332741412
osmo164zttnpu52tkjjcmq42ts0nfu0872wfm5ahyld,CRO,197.75082456,35.181409222638905
osmo1w8sfjgtkq5vg0u2pks22fsvdlnpjtd5fnpkduh,axlFRAX,42.347320361098774,34.722777146739375
osmo1ucnayk6wfhhhuy4n392av40sj8getfvq9ssp3h,axlUSDC,33.907495,33.90749530584376
osmo1k3zhx2vn7s24wnf2456frnc7wcrjnw7wtta6y0,axlWETH,0.01845597967209824,33.63582042416669
osmo1qx46s5gen6c88yaauh9jfttmfgdxnxxsckx0ce,ATOM,3.465677,32.64619866954482
osmo1ucnayk6wfhhhuy4n392av40sj8getfvq9ssp3h,OSMO,29.153882,32.59719248526066
osmo1cc56ryg7v58hvw0etrhhl9ufmksg5jl9t60mjc,OSMO,28.98421,32.4074808426273
osmo1k3zhx2vn7s24wnf2456frnc7wcrjnw7wtta6y0,OSMO,28.681897,32.069462219522606
osmo14z0djyy7v8xkteh5lash3tx9svsfzzavxvn8mv,OSMO,27.970543,31.274091528814587
osmo1makt48wmuq53wpm2jp55u5v6hhcatxk439knjt,axlWBTC,0.00100537,31.18330370986708
osmo1makt48wmuq53wpm2jp55u5v6hhcatxk439knjt,OSMO,26.822279,29.99020821502827
osmo1aavlnvef7tw2a75s72uwyf67gvf5q8n579tduk,UST,3424.837934,29.672821405443834
osmo1rejv949h6k78u7fyeudv3lqgveqpfr0du2nwlq,SCRT,22.699599,29.594817269731386
osmo1qx46s5gen6c88yaauh9jfttmfgdxnxxsckx0ce,STARS,909.458708,29.192029042573957
osmo1vvc7xddzjquz8cpmj8gfdudx9z5eqnn5pnq6s6,JUNO,7.728027,28.859566768800025
osmo1vvc7xddzjquz8cpmj8gfdudx9z5eqnn5pnq6s6,OSMO,24.415154,27.29878218260202
osmo1gqylk9jknp043qd79thldxalz6vhnr4txtn7u4,JUNO,7.216559999999999,26.949542898989808
osmo1kr29ydcuescpfp6gvx2yxtlzelje30g4tzgr86,OSMO,23.817699,26.63076288979287
osmo1kr29ydcuescpfp6gvx2yxtlzelje30g4tzgr86,SOMM,55.218245,26.576321427015525
osmo18qp6u0mvs7ac89gkn6r5j5jqu90zp74ym9hz5v,STARS,774.05443,24.84578926159782
osmo18v85clkgwzvuugp03xf4e4etl5qqqtc7mxzv56,CMDX,71.951172,24.778094807452938
osmo18qp6u0mvs7ac89gkn6r5j5jqu90zp74ym9hz5v,OSMO,21.755244,24.32471518653372
osmo1n96h5da774swdtq3mxs60psfvc9vsuna7zxq7h,MNTL,257.640759,24.225565354236522
osmo17d6eypvgf9p8cqfvfdpm5wldjlglvhz89ext68,ATOM,2.538297,23.910407156901698
osmo1ygph68pmxwupwjpddhmav33qnrmvze4sfqk2aq,ATOM,2.463231,23.203295804825885
osmo1w7wl545shmmlwwqhdwcju7er45nadq4cuu5l5w,axlUSDC,22.678193,22.67819320455607
osmo17d6eypvgf9p8cqfvfdpm5wldjlglvhz89ext68,OSMO,19.763481,22.097708783200527
osmo1n96h5da774swdtq3mxs60psfvc9vsuna7zxq7h,OSMO,19.449105,21.74620242172365
osmo1ygph68pmxwupwjpddhmav33qnrmvze4sfqk2aq,OSMO,19.432845,21.72802198352985
osmo1q5cv296zedshm3eggg9ps90jx3fhad55ndxwrw,ION,0.023007,20.73486527789983
osmo1gqylk9jknp043qd79thldxalz6vhnr4txtn7u4,SCRT,15.873468,20.69518430245964
osmo1wfyaqhxsczc4mlgk54trxznmqkld09p79phzqn,BCNA,1440.0967,20.576426428417633
osmo18w9zzcnmqtypc689gkewxg964vvxxa6l7dqxju,ATOM,2.156492,20.31385679083309
osmo15gc74yxgklqx5vr0qe9r9tr2npg7dp62tg8jc7,ATOM,2.137711,20.13694236481684
osmo1geth7fyn2qchnr5vfsk4s88a2qhw7yvdzjdand,ATOM,2.119043,19.961092383193318
osmo1kc3w9t405yz26s968sks9ny3l4rlke4kksav5h,ATOM,2.106858,19.846311366154392
osmo18w9zzcnmqtypc689gkewxg964vvxxa6l7dqxju,OSMO,17.669763,19.756705665473188
osmo16vrdu9dkrcvmanl2tpgx0uaqzc5gu6y3x96tru,ATOM,2.096372,19.747534694453933
osmo15gc74yxgklqx5vr0qe9r9tr2npg7dp62tg8jc7,JUNO,5.238485,19.562613798432302
osmo1yhargpw9m83g539dkxt47d54u4pcfdkd45fzwu,ATOM,2.071824,19.51629592496099
osmo1rncs8nl5hn5dxsclqapugt07saapxst8uspg56,ATOM,2.071647,19.51462860940778
osmo1kd8jmvgr38v88se9tv3845z4s0xrx53p5vmr0l,ATOM,2.064608,19.44832220161648
osmo1wkr4f2w6dyv7u608a8zecdvuj39h266py9nsvn,ATOM,2.060077,19.40564080742663
osmo1kc3w9t405yz26s968sks9ny3l4rlke4kksav5h,JUNO,5.166975,19.295566644011533
osmo1w7wl545shmmlwwqhdwcju7er45nadq4cuu5l5w,BTSG,1141.858251,19.04686428294903
osmo1nmlt2tkcsp46m305euparp8z04w3cz2kscejvd,ATOM,2.014944,18.980494181081305
osmo16mdmh3lfphnmqzn20c59x75nfhfktfz9wexzep,NETA,0.300594,18.709362552315635
osmo1geth7fyn2qchnr5vfsk4s88a2qhw7yvdzjdand,OSMO,16.61199,18.574001074478698
osmo16vrdu9dkrcvmanl2tpgx0uaqzc5gu6y3x96tru,OSMO,16.560206,18.51610096307478
osmo15ez8twgazsgytavyyffzrwafujng0yczvsmedk,OSMO,16.557212,18.51275334733356
osmo1w7wl545shmmlwwqhdwcju7er45nadq4cuu5l5w,OSMO,16.509054,18.45890749600902
osmo1yhargpw9m83g539dkxt47d54u4pcfdkd45fzwu,OSMO,16.3603,18.292584439238997
osmo1rncs8nl5hn5dxsclqapugt07saapxst8uspg56,OSMO,16.35902,18.2911532608326
osmo1kd8jmvgr38v88se9tv3845z4s0xrx53p5vmr0l,OSMO,16.291421,18.215570269352728
osmo1wkr4f2w6dyv7u608a8zecdvuj39h266py9nsvn,OSMO,16.248621,18.16771524138873
osmo1wfyaqhxsczc4mlgk54trxznmqkld09p79phzqn,PSTAKE,87.08294383662361,18.04824722941245
osmo1mv3m6suzag4xeazt275x7seu2rngz73qxflaek,OSMO,16.060724,17.957626078086122
osmo1nmlt2tkcsp46m305euparp8z04w3cz2kscejvd,OSMO,16.029766,17.92301168659758
osmo16mdmh3lfphnmqzn20c59x75nfhfktfz9wexzep,ATOM,1.888618,17.790520708905763
osmo1cc56ryg7v58hvw0etrhhl9ufmksg5jl9t60mjc,ATOM,1.871444,17.62874400093478
osmo1hf70zntf5pw99npkegrezn0v78mfvp4crj5xjj,axlUSDT,18.557435,17.5231304218958
osmo1aavlnvef7tw2a75s72uwyf67gvf5q8n579tduk,SWTH,3387.75245982,17.409066917389296
osmo1hf70zntf5pw99npkegrezn0v78mfvp4crj5xjj,axlFRAX,21.21449774678155,17.394873424344986
osmo1dnc4p8lt26nsm0ff57gr74mxlmkh4w5thkkaf5,axlDAI,17.259049770408982,17.17310879617207
osmo1cc56ryg7v58hvw0etrhhl9ufmksg5jl9t60mjc,JUNO,4.541253,16.95886856600183
osmo1vesuj4a0f7zfyngnq9pqjqta3gy9r5j45yz5rs,UST,1936.051442,16.773964134157477
osmo1c3xhz65yh5qj78rp5tprkckdga263wfl7mmgp7,OSMO,14.965893,16.73348663601009
osmo1c3xhz65yh5qj78rp5tprkckdga263wfl7mmgp7,UST,1920.486392,16.63910842486049
osmo18kfhd6arnhmv3swlr7ctge27v3tx98lj9uy086,MNTL,176.864216,16.630270925159806
osmo1dnc4p8lt26nsm0ff57gr74mxlmkh4w5thkkaf5,OSMO,14.719705,16.45822183170165
osmo1u4ejhe4ak6gdx3ecl24vslc79wyu9zw98jqdf5,OSMO,14.654657,16.385491134061407
osmo1uryp8xxqhfhf2sd40usud4kz4gx9jn4ftnsvg5,AKT,46.826856,16.353241587809023
osmo1dce5fs9u963dxlpguk78a3c03etsvrd32ttsd5,ATOM,1.71387,16.144418684653182
osmo103cdawt7rpnl8ppn7qnc8y4aj4e9hhlvx3w70r,ATOM,1.703712,16.048731727650196
osmo1cxzatzvlssxw26q3dpav6efe3rlg6r8zcjlwee,STARS,497.433674,15.966748276121034
osmo1dce5fs9u963dxlpguk78a3c03etsvrd32ttsd5,OSMO,14.124023999999999,15.792186062715118
osmo103cdawt7rpnl8ppn7qnc8y4aj4e9hhlvx3w70r,JUNO,4.182778,15.620178471176127
osmo1cxzatzvlssxw26q3dpav6efe3rlg6r8zcjlwee,OSMO,13.958222,15.60680149854486
osmo16es0x30h7hwm369adp5vy7prmzl75l6qdkfwsc,ATOM,1.645846,15.503641999954313
osmo14am952nzggxntteuq5napl6e27kerx4hy6ezsy,OSMO,13.654737,15.26747245271181
osmo1mv3m6suzag4xeazt275x7seu2rngz73qxflaek,LUNA,310784.111158,15.105400791944566
osmo18kfhd6arnhmv3swlr7ctge27v3tx98lj9uy086,OSMO,13.370771,14.94996775946823
osmo14am952nzggxntteuq5napl6e27kerx4hy6ezsy,UST,1717.545527,14.880827256800032
osmo123ymh4h4zjjgujsc4fhmhks32pvmglcj9mkyra,ROWAN,1309.802259110666,14.84854432977376
osmo16es0x30h7hwm369adp5vy7prmzl75l6qdkfwsc,OSMO,12.923303,14.44965015075339
osmo18v85clkgwzvuugp03xf4e4etl5qqqtc7mxzv56,XKI,178.963711,14.076543615040288
osmo1me3hg2l74zn5ag9y879u7re4cp4dxea9h5d45s,XPRT,10.174964,14.057935092344767
osmo10nd7malh7x22gjat32cl2qqdc82jk9m0h25kpz,OSMO,12.465267,13.93751637532071
osmo10nd7malh7x22gjat32cl2qqdc82jk9m0h25kpz,UST,1599.594132,13.858895490741181
osmo1daagqxzrng4cupt6yv9alssu2dpjvvek7uf2pg,axlFRAX,16.71975468727547,13.709399107286364
osmo1daagqxzrng4cupt6yv9alssu2dpjvvek7uf2pg,axlUSDT,14.518278,13.70909712982104
osmo1ppetwac9lsc20wjn94fvr36kdcuxqkp07nm5x0,JUNO,3.575608,13.352761036556357
osmo1pquw8s67qykzx9swmhkgzrtaxke00ak20wckrk,axlFRAX,15.957758838727054,13.084598959124154
osmo1pquw8s67qykzx9swmhkgzrtaxke00ak20wckrk,axlUSDT,13.856614,13.08431118459352
osmo19lexqfkg95hn8ffe2qyxl3404vr2t6uvj6xp8q,ATOM,1.376932,12.970509261669132
osmo1ppetwac9lsc20wjn94fvr36kdcuxqkp07nm5x0,OSMO,11.286019,12.61898959923447
osmo18ve637mup6d3z80qxf0n3d27rvedyxffn04qjq,ROWAN,1097.7007912268577,12.444060732057872
osmo1gqylk9jknp043qd79thldxalz6vhnr4txtn7u4,OSMO,11.082389,12.39130924072257
osmo19lexqfkg95hn8ffe2qyxl3404vr2t6uvj6xp8q,OSMO,10.810645,12.08747006504385
osmo1wfyaqhxsczc4mlgk54trxznmqkld09p79phzqn,HUAHUA,257379.497559,12.075169441724746
osmo14sr40ga620h7r26npfccrn5d694xjxfsnjkqjv,ATOM,1.256729,11.838213603800467
osmo123ymh4h4zjjgujsc4fhmhks32pvmglcj9mkyra,OSMO,10.384628,11.611136993825639
osmo139cx4kcvepcc3krw5wvrde5pheax4jzstu3tal,OSMO,10.124534,11.32032377786142
osmo12sua5rwelhad404xamf86escnh2msje6r3xp7p,ATOM,1.178843,11.10453824121585
osmo1qp749jf5nf8cgs374prymzsm8pl8xjgafjkpqd,MNTL,117.927368,11.0885295153827
osmo1hrlrcz4etjdftqrx2ramrxldrf5gpg9nqjd0ur,ATOM,1.171984,11.039927408563411
osmo14sr40ga620h7r26npfccrn5d694xjxfsnjkqjv,OSMO,9.866901,11.03226222600513
osmo1nqn4av0qmsqzy72q9d7yrm30khmjrjkg5dfjxt,DVPN,7709.840355,11.029933019628166
osmo1nqn4av0qmsqzy72q9d7yrm30khmjrjkg5dfjxt,OSMO,9.807089,10.965385942533569
osmo1rncc9x794q6le56vryjtljnvjl2recn3w2htdp,OSMO,9.780745,10.93593050195685
osmo1hrlrcz4etjdftqrx2ramrxldrf5gpg9nqjd0ur,CRO,60.79669904,10.81620545993165
osmo17g8qhml8a3v3gtesj80e0xae0unj86klm9xpet,axlUSDT,11.266079,10.638160481789718
osmo1eh0vums0v89mpulj6uykt8k7g70nvwxcycq47m,axlUSDT,11.26497,10.637113292259599
osmo1adzlr4t3cky4x5m9pg8y9nuavhxl8hyyxwduhd,axlUSDT,11.263949,10.63614919802132
osmo1wde6kapm6w2ed338fe27s7763u2puykypp7sqk,axlUSDT,11.239422,10.61298921821496
osmo17g8qhml8a3v3gtesj80e0xae0unj86klm9xpet,axlFRAX,12.862002061273282,10.546226477289832
osmo1eh0vums0v89mpulj6uykt8k7g70nvwxcycq47m,axlFRAX,12.860615073832475,10.545089213930503
osmo1adzlr4t3cky4x5m9pg8y9nuavhxl8hyyxwduhd,axlFRAX,12.859571626136528,10.544233636729828
osmo1wde6kapm6w2ed338fe27s7763u2puykypp7sqk,axlFRAX,12.831448955168083,10.52117439169421
osmo1xezn7jjvdrtpjafy9cwp7th4j6duaqu2utcelz,OSMO,9.279399999999999,10.375372581522
osmo18ve637mup6d3z80qxf0n3d27rvedyxffn04qjq,OSMO,9.247355,10.33954280649615
osmo12sua5rwelhad404xamf86escnh2msje6r3xp7p,OSMO,9.223483,10.31285132921679
osmo1xezn7jjvdrtpjafy9cwp7th4j6duaqu2utcelz,ATOM,1.054215,9.930559694516884
osmo1kw6ktgk0lc9z28yrqgshmlksm8cauemwtl98gl,OSMO,8.825382000000001,9.86773136455566
osmo1xczaaw2mlddu2f5jz05xg27cr9lku2kxun8tf6,axlUSDC,9.47838,9.478380085494472
osmo132c0nklmwcu85f07er56ftjtq2hr6l49znytst,ATOM,1.002078,9.439436355546157
osmo1qx46s5gen6c88yaauh9jfttmfgdxnxxsckx0ce,SOMM,19.586302,9.426809155535404
osmo1u4ejhe4ak6gdx3ecl24vslc79wyu9zw98jqdf5,UMEE,309.584793,9.411168767774129
osmo1xczaaw2mlddu2f5jz05xg27cr9lku2kxun8tf6,OSMO,8.321202,9.304003607572259
osmo139cx4kcvepcc3krw5wvrde5pheax4jzstu3tal,STARS,286.146138,9.184789037081137
osmo178s275svy3n97c82vdglhv6m8j56yc30msgxmr,ATOM,0.961733,9.059392027894505
osmo1xmrctxvjv5nfk5n7vl4jlghgve8us0quhydnh6,OSMO,8.068472,9.021424139877361
osmo10ypr45zpg9v5t0wv32uv9fgkzyxrwla8gufsc0,OSMO,8.00915,8.9550957293895
osmo1lytkaq224pneqhqj5em70tkldrz76st8grxa5j,STARS,277.453498,8.905770542778434
osmo13xh7vcswrptj0tafvd6m8m3td803pjxj2h69mn,axlUSDC,8.902683,8.902683080301717
osmo1dnnl0pj4pruwlkkp6gsguhfh88e492jgfxj4mq,OSMO,7.892102,8.82422340898926
osmo13xh7vcswrptj0tafvd6m8m3td803pjxj2h69mn,OSMO,7.880977,8.811784456043009
osmo132c0nklmwcu85f07er56ftjtq2hr6l49znytst,OSMO,7.874662,8.80472360320206
osmo1kwsx8mwpp8r580xdxv26u6rqtz8kgtgrgcfgaf,STARS,270.809283,8.692502897376874
osmo1uuvrglz3657fnc75rzn2adv22m4vfrv9c2dfqy,UMEE,285.063639,8.665742235552374
osmo1uuvrglz3657fnc75rzn2adv22m4vfrv9c2dfqy,OSMO,7.742163,8.65657539408519
osmo10ypr45zpg9v5t0wv32uv9fgkzyxrwla8gufsc0,UST,998.362452,8.649819730739116
osmo1dnnl0pj4pruwlkkp6gsguhfh88e492jgfxj4mq,UST,989.856091,8.576120555587655
osmo1kwsx8mwpp8r580xdxv26u6rqtz8kgtgrgcfgaf,OSMO,7.660549,8.565322117163369
osmo1ymeuf4ra7fx85t272e0jt9zn034vtfqtq3tgrp,OSMO,7.64713,8.5503182241669
osmo1ppetwac9lsc20wjn94fvr36kdcuxqkp07nm5x0,ATOM,0.902352,8.500031209446556
osmo1jeesfvtyh35ljartj75v633srxnkql7guq0csy,ATOM,0.899513,8.473288221561983
osmo178s275svy3n97c82vdglhv6m8j56yc30msgxmr,OSMO,7.561856,8.45497267148928
osmo1s94x2ppjlchahtrsl24eas2emq0u7zcc8wr7lr,ATOM,0.883526,8.32269288964559
osmo1f9z2cruax0n5dy0typt3sy7aj6cm0tcsqfdkp8,OSMO,7.418471,8.29465273726923
osmo1c7c8un9v8th406gv6x40nna45pc3gn40gr0dre,RAC,109.675973,8.195088260867173
osmo1c7c8un9v8th406gv6x40nna45pc3gn40gr0dre,OSMO,7.28212,8.142197575635599
osmo1lytkaq224pneqhqj5em70tkldrz76st8grxa5j,ION,0.008909,8.02916133180378
osmo1ppetwac9lsc20wjn94fvr36kdcuxqkp07nm5x0,REGEN,24.933953,7.994004231874992
osmo1jeesfvtyh35ljartj75v633srxnkql7guq0csy,OSMO,7.088989,7.92625623438057
osmo1ymeuf4ra7fx85t272e0jt9zn034vtfqtq3tgrp,LUNA,159710.238086,7.762582031226917
osmo1s94x2ppjlchahtrsl24eas2emq0u7zcc8wr7lr,OSMO,6.897272,7.71189589802136
osmo1sx2qexffa63d6hda8zt6zfx7gm0hvdkfwq83fe,MNTL,81.99235,7.709614896268936
osmo149knvmjayx979n9ugg8uugpnnw34p2hxkrg06x,OSMO,6.82241,7.6281920871933
osmo1kvh8vw857jkj7quzauq7a87g2gst4h9dccyql7,OSMO,6.751211,7.54858390644543
osmo1kvh8vw857jkj7quzauq7a87g2gst4h9dccyql7,MNTL,79.331466,7.459416055478989
osmo1ywgp5ar9w6gfny8vzx8gxsgtuc3zu0kq5yacxe,JUNO,1.964375,7.335767780244757
osmo1f9z2cruax0n5dy0typt3sy7aj6cm0tcsqfdkp8,LUNA,150562.725267,7.317974850809648
osmo1u4ejhe4ak6gdx3ecl24vslc79wyu9zw98jqdf5,UST,840.291346,7.280290489330351
osmo16um4rgfg3aqassjg6cmkuw90hgvshrwmzev7hj,axlUSDT,7.582399,7.159791565367319
osmo1lj45kfahfsn896dyzge6833hly9qlpe6qyrdlr,OSMO,6.375011,7.12795162793943
osmo1qk35qaj0qen70pz70q6f4uwrqw6dpkdhxlfn46,axlUSDT,7.536958,7.11688323404344
osmo14tfct2avejv3fyv9z0jvrze48ufa53pft2359u,OSMO,6.360716,7.1119682722210795
osmo14tfct2avejv3fyv9z0jvrze48ufa53pft2359u,PSTAKE,34.22116358273426,7.092456841813868
osmo1uj3m5ly0qfwx3tkzgnk55hrektr56d05yn5chs,axlUSDT,7.506687,7.0882993979151605
osmo16um4rgfg3aqassjg6cmkuw90hgvshrwmzev7hj,axlFRAX,8.611333584058114,7.060881643178522
osmo1mk2m99mjjujrwzskm2nfxty40jvfzhaguwurm3,axlUSDT,7.447922,7.03280968399496
osmo1qk35qaj0qen70pz70q6f4uwrqw6dpkdhxlfn46,axlFRAX,8.559726507249794,7.018566308656055
osmo1zr468gqug3cs44wwm505uvnkwp3f7utjw3y8nn,OSMO,6.253801,6.99242574150213
osmo1uj3m5ly0qfwx3tkzgnk55hrektr56d05yn5chs,axlFRAX,8.525347669289083,6.990377305930626
osmo1lj45kfahfsn896dyzge6833hly9qlpe6qyrdlr,UST,804.875416,6.973446607649116
osmo1usckzz6h4fkcknv4nkr2apqs4c4fwzc58gjek8,HUAHUA,148194.996152,6.952689339759622
osmo1mk2m99mjjujrwzskm2nfxty40jvfzhaguwurm3,axlFRAX,8.458607777723829,6.93565378713753
osmo1sx2qexffa63d6hda8zt6zfx7gm0hvdkfwq83fe,OSMO,6.18988,6.9209551517243995
osmo1zr468gqug3cs44wwm505uvnkwp3f7utjw3y8nn,MNTL,73.325096,6.894646298001579
osmo1npuc2enzqhakc45wkref9qa82ha5t5083ewcfv,axlDAI,6.8706512814423615,6.83643905813783
osmo108ahyyk0jzr4k2fnvu3206gjderh66hs6rphsf,OSMO,5.952302,6.65531725841526
osmo108ahyyk0jzr4k2fnvu3206gjderh66hs6rphsf,UST,745.300937,6.457292877237485
osmo1kw6ktgk0lc9z28yrqgshmlksm8cauemwtl98gl,axlWETH,0.003385278493890927,6.169632906480294
osmo18794fh266shxqv656y8w3c47e88ngpj0rddtpn,OSMO,5.346012,5.97741948027756
osmo169dyuflks6lwevmr0vm4nzff5ec4nxk57hpgzc,LUNA,122045.800591,5.931933669426088
osmo1me3hg2l74zn5ag9y879u7re4cp4dxea9h5d45s,axlUSDC,5.844115,5.8441150527136
osmo1xmrctxvjv5nfk5n7vl4jlghgve8us0quhydnh6,JUNO,1.533674,5.727356698491428
osmo169dyuflks6lwevmr0vm4nzff5ec4nxk57hpgzc,OSMO,4.962747,5.5488877678331106
osmo1v8ujerydzj6z0ga7zqf53eh9849l6pq8uu72vr,JUNO,1.477026,5.51581024060263
osmo12f6ae0wuf8g56r975mkxhp7x26flfpuhvdv9sx,OSMO,4.842174,5.4140741162746195
osmo12f6ae0wuf8g56r975mkxhp7x26flfpuhvdv9sx,UST,611.250683,5.295880476724059
osmo1v4eun5x95rnsa70wz6m3lhyrwz4y49jf0stpev,NETA,0.085044,5.293249462394894
osmo16wu3f76vpc3dstcv8kl4d57xx45z8mmdffgt4t,OSMO,4.732242,5.291158253327461
osmo1ztf98y3uenpj2hd6675ekc4ghmvrf7gedrv922,MNTL,55.93992,5.25994486715032
osmo1v8ujerydzj6z0ga7zqf53eh9849l6pq8uu72vr,OSMO,4.67468,5.2267977131484
osmo149knvmjayx979n9ugg8uugpnnw34p2hxkrg06x,SWTH,1010.48870363,5.192724577549365
osmo16wu3f76vpc3dstcv8kl4d57xx45z8mmdffgt4t,UST,595.388193,5.158447745048518
osmo1ymvkf7cm8ls4pn0wcx4avcludmu6udrlmlyje4,OSMO,4.586783,5.12851936284579
osmo18794fh266shxqv656y8w3c47e88ngpj0rddtpn,LUNA,104595.046747,5.083754430297692
osmo16zkrgc5rex8hd9sdc4ztgcy0y5kkyeyel2uukj,OSMO,4.37111,4.887373628124299
osmo1vdheth60w3xcd3pdn9pcnqp6sutg49yud20uvq,OSMO,4.302810999999999,4.81100796095343
osmo17ghzeqx3vklq5au3p82htwcahayfq3lvulky5p,OSMO,4.228459,4.72787438527167
osmo1vdheth60w3xcd3pdn9pcnqp6sutg49yud20uvq,UST,544.408462,4.71675897541561
osmo1wzxl30tcjcn5783jp2vce6e52cv4ry0zp3fzyz,BTSG,277.809812,4.6340303457119605
osmo1t5d7cje9jlg46mkeplgu3lt4fxq8u4mtyehqz4,OSMO,4.134739,4.62308529132807
osmo1dqgam0gwfegzlz37cpdd6plr49dtkus9s5ak9u,LIKE,1852.401102184,4.55660641122036
osmo1wzxl30tcjcn5783jp2vce6e52cv4ry0zp3fzyz,OSMO,4.037394,4.51424305541322
osmo16mdmh3lfphnmqzn20c59x75nfhfktfz9wexzep,OSMO,4.027955,4.503689232774151
osmo18v85clkgwzvuugp03xf4e4etl5qqqtc7mxzv56,axlWETH,0.002349726914006738,4.282351515852997
osmo1zyc38m7japaygy40t986yae9x869cjds4ug486,LIKE,1731.652782108,4.259585118826562
osmo1dnd9x05al22mns9s0vwqumjfnvrlj7fhpcvs9m,OSMO,3.792262,4.24015897329006
osmo128mhm8efuaa5yhadtt8476xds7azrr28ys9659,OSMO,3.780791,4.22733315493083
osmo1zyc38m7japaygy40t986yae9x869cjds4ug486,OSMO,3.780664,4.2271911551983194
osmo1xghme9epu0z4x9tr55uspcdxn0wvcgt5h8tzkw,OSMO,3.769139,4.21430495900007
osmo17ghzeqx3vklq5au3p82htwcahayfq3lvulky5p,LUNA,86441.215007,4.201402680330613
osmo1dnd9x05al22mns9s0vwqumjfnvrlj7fhpcvs9m,MNTL,44.436547,4.178300349849159
osmo128mhm8efuaa5yhadtt8476xds7azrr28ys9659,MNTL,44.307932,4.166206878691379
osmo1xghme9epu0z4x9tr55uspcdxn0wvcgt5h8tzkw,MNTL,44.163591,4.152634715876892
osmo10g3hzsme335q8r2g3p4y3x7s2pv587fwmpmsk7,OSMO,3.695374,4.13182771279062
osmo10g3hzsme335q8r2g3p4y3x7s2pv587fwmpmsk7,MNTL,43.924337,4.130138029266593
osmo1u70tvdm9wr65xnnsycymlrhnwfsj3sanzk377a,JUNO,1.096831,4.096008913865039
osmo1r943fkjkccw85rsnvvvm3q3f2svauvlzczc755,OSMO,3.642632,4.07285645379816
osmo16zkrgc5rex8hd9sdc4ztgcy0y5kkyeyel2uukj,LUNA,83700.123923,4.068174249582441
osmo1t5d7cje9jlg46mkeplgu3lt4fxq8u4mtyehqz4,ATOM,0.427633,4.028243796422304
osmo1njxc26m647qh6f7d7f07m9pxrrhrjg8qc3mfcw,AKT,11.283824,3.9406254373839995
osmo1u70tvdm9wr65xnnsycymlrhnwfsj3sanzk377a,OSMO,3.480286,3.89133607132518
osmo1njxc26m647qh6f7d7f07m9pxrrhrjg8qc3mfcw,OSMO,3.466339,3.87574181723607
osmo1qx46s5gen6c88yaauh9jfttmfgdxnxxsckx0ce,DSM,179.675396,3.7559834557674474
osmo16mdmh3lfphnmqzn20c59x75nfhfktfz9wexzep,HUAHUA,77565.913517,3.639068214457283
osmo1eqdj7jsa0ypvxdvwert6s2sf8qqux6vs2hady4,axlUSDT,3.742366,3.53378403343288
osmo1eqdj7jsa0ypvxdvwert6s2sf8qqux6vs2hady4,axlFRAX,4.272501376532373,3.5032467672441308
osmo16mdmh3lfphnmqzn20c59x75nfhfktfz9wexzep,CRBRUS,371331.185019,3.450215744374831
osmo1wu2rp75wqnh82wu3peh9ftqv36e030vj8lfq9d,CRO,18.60770578,3.3104555351273186
osmo1kw6ktgk0lc9z28yrqgshmlksm8cauemwtl98gl,LUNA,67173.274997,3.264900633293121
osmo1wu2rp75wqnh82wu3peh9ftqv36e030vj8lfq9d,OSMO,2.86145,3.1994105085884996
osmo1xmrctxvjv5nfk5n7vl4jlghgve8us0quhydnh6,GRAV,249.860347,3.041742706589347
osmo1h28vncwwarq7f9jm0gmzy37evf3lvgt2ylupx2,OSMO,2.637988,2.94955582964244
osmo1pm20hdsf455uuxkqsyml8x630lte7jhew4uvct,OSMO,2.630789,2.94150656921457
osmo1pm20hdsf455uuxkqsyml8x630lte7jhew4uvct,MNTL,31.216216,2.93521290557898
osmo19w5sdfk54zsd665fqghd3n70e02d2yqs7zhqad,OSMO,2.591978,2.89811167458114
osmo1h28vncwwarq7f9jm0gmzy37evf3lvgt2ylupx2,UST,330.013702,2.85924117564255
osmo1r943fkjkccw85rsnvvvm3q3f2svauvlzczc755,CHEQ,72.235854899,2.8543233312601526
osmo1mfk3gkd6y5hg92382vj8mfnff5cuypyhd9c0s6,EEUR,2.801904,2.840171939718377
osmo1uz6drez7mqt7k54qsfgqcjs3n8zxu6tuns97n7,OSMO,2.480868,2.77387868025684
osmo1mfk3gkd6y5hg92382vj8mfnff5cuypyhd9c0s6,UST,315.794212,2.736043408221858
osmo1vekng0lvhdqw7eedl3l2hf06vt3evgkk9zpjns,OSMO,2.424323,2.71065525604599
osmo193zm70nnms89ngyrecaah3qpylncjzwmt8lmlj,ATOM,0.286554,2.6992991018934385
osmo1uz6drez7mqt7k54qsfgqcjs3n8zxu6tuns97n7,UST,310.642868,2.6914121253828833
osmo1ehrkglhhl90n7k2scweuu37c0zdtdm9wpx0hme,OSMO,2.399551,2.68295748144963
osmo1vekng0lvhdqw7eedl3l2hf06vt3evgkk9zpjns,UST,304.765958,2.6404945333080385
osmo19w5sdfk54zsd665fqghd3n70e02d2yqs7zhqad,LUNA,53393.026934,2.595123245934319
osmo1szv2gzvmk27sgpeajhtjdmexl38kxpkxxqsed5,RAC,34.070028,2.5457434192101123
osmo12q9a064xf5ueusfe269qdpfqxnzay7nt3yfxzt,OSMO,2.250596,2.51640968494548
osmo1szv2gzvmk27sgpeajhtjdmexl38kxpkxxqsed5,OSMO,2.244556,2.5096563118402804
osmo1xcquwffc0efn34pazvlsrasvnu5ctunk2ph85y,SOMM,5.170069,2.4883336213211544
osmo139cx4kcvepcc3krw5wvrde5pheax4jzstu3tal,CMDX,7.159354,2.465493573504507
osmo1lytkaq224pneqhqj5em70tkldrz76st8grxa5j,ROWAN,214.51745405948424,2.4318723715404222
osmo15nrqqp9gcyvhpqxzd73awz4ad2qmt3qky20896,OSMO,2.097605,2.34534920402865
osmo15nrqqp9gcyvhpqxzd73awz4ad2qmt3qky20896,UST,269.191559,2.3322776750288106
osmo1ehrkglhhl90n7k2scweuu37c0zdtdm9wpx0hme,LUNA,47018.419651,2.2852908109936205
osmo1e09wgvj4lypvyg4qz5utdrdtff0zasqk9qv7tc,ATOM,0.242352,2.2829223669607774
osmo1wte5afkekp5g0aq8fjjmlfnax3eqr2u6ll8lq2,LUNA,45749.127992,2.2235979555911136
osmo1wte5afkekp5g0aq8fjjmlfnax3eqr2u6ll8lq2,OSMO,1.961478,2.19314449861614
osmo1a944h7gug7r2ad9l2usdm8zmm0mmxak9r0ltvj,axlWBTC,7.067e-05,2.191953284041006
osmo149knvmjayx979n9ugg8uugpnnw34p2hxkrg06x,MARBLE,0.371,2.1874168893841097
osmo1e09wgvj4lypvyg4qz5utdrdtff0zasqk9qv7tc,REGEN,6.737094,2.1599606747690436
osmo193zm70nnms89ngyrecaah3qpylncjzwmt8lmlj,LUNA,44377.840909,2.156947698239312
osmo12q9a064xf5ueusfe269qdpfqxnzay7nt3yfxzt,LUNA,44111.583142,2.1440064630213427
osmo1s0d4ql3n32ldymzsgxuzymwk728r4jwqlp2jt8,BTSG,128.404383,2.141860300256137
osmo1pa0kkk5gnp7awaf88lvsh7aw3fwvmnm865czje,axlUSDC,2.130172,2.1301720192140357
osmo1a944h7gug7r2ad9l2usdm8zmm0mmxak9r0ltvj,OSMO,1.887848,2.11081819700424
osmo1pa0kkk5gnp7awaf88lvsh7aw3fwvmnm865czje,OSMO,1.882279,2.10459145282827
osmo1jg9wr5u9cm04g0sswegskg3tawgylem6sndy5y,axlUSDC,2.085475,2.0854750188108713
osmo1jg9wr5u9cm04g0sswegskg3tawgylem6sndy5y,OSMO,1.855733,2.07491015440929
osmo10vwjpan37s9rcdrp6sy8jqfskhmw29yew5jp5m,OSMO,1.844221,2.06203849361673
osmo1fgsjcrrrpp260h72402nz6n46wt5kv5kj4v0hf,OSMO,1.8438700000000001,2.0616460376631
osmo1s0d4ql3n32ldymzsgxuzymwk728r4jwqlp2jt8,UST,234.925178,2.0353934944578613
osmo1fgsjcrrrpp260h72402nz6n46wt5kv5kj4v0hf,UST,232.206352,2.0118375657146133
osmo10szx4rjj949na2ajsyfclzmje44pwqd3v7k0c0,ATOM,0.205008,1.9311470448186732
osmo10szx4rjj949na2ajsyfclzmje44pwqd3v7k0c0,CMDX,5.515527,1.8994027077010847
osmo1e3muvyvmrycggjsy8dfjcytcfprxtag8w54qv6,ATOM,0.201162,1.8949182560183697
osmo1e3muvyvmrycggjsy8dfjcytcfprxtag8w54qv6,TICK,4.653663,1.8742015072807836
osmo1fz76wg9xw4z5y9lh48mx25djmk2mdcnzv7xfdz,OSMO,1.63844,1.8319530845171998
osmo1y6jv9m9937ftxzmg4q5zgywngxf70p7agvav5q,ATOM,0.194445,1.8316450437532532
osmo1h6f2hlr58xjp9uxn7mev398nzkxqx6f608qu3n,UST,206.833479,1.7920068047907862
osmo1fz76wg9xw4z5y9lh48mx25djmk2mdcnzv7xfdz,UST,205.957861,1.7844204439077045
osmo1zmsts6u08t2fp02vs7xpe7csx6hqv0hdmshaz7,ATOM,0.189363,1.7837733056661127
osmo10vwjpan37s9rcdrp6sy8jqfskhmw29yew5jp5m,LUNA,36110.117752,1.7551019556819176
osmo1577mlcp0lzk79hv2j7a2feq88a60h89gyuazaw,CMDX,5.041933,1.7363093666747447
osmo1y6jv9m9937ftxzmg4q5zgywngxf70p7agvav5q,LIKE,699.001980477,1.719431553966357
osmo1zmsts6u08t2fp02vs7xpe7csx6hqv0hdmshaz7,HUAHUA,36308.27695,1.7034324818658737
osmo1577mlcp0lzk79hv2j7a2feq88a60h89gyuazaw,OSMO,1.487252,1.66290855255876
osmo1lytkaq224pneqhqj5em70tkldrz76st8grxa5j,HUAHUA,34876.169921,1.636244010375848
osmo1h6f2hlr58xjp9uxn7mev398nzkxqx6f608qu3n,LUNA,32795.608627,1.5940030224863633
osmo10ntzdf5syg2ema257j4pmyx05jlvdvsvkp5d4p,OSMO,1.357274,1.5175790940376201
osmo1gqylk9jknp043qd79thldxalz6vhnr4txtn7u4,MNTL,16.021745,1.5065001053905924
osmo1ylx685geysj7776236nlkcjhkcq0xvrp26y4pa,UST,173.736993,1.505258603225879
osmo16g5xl2ry9yzul8wnarc7ckx7vl5y7g8qpca2xa,ATOM,0.159134,1.4990203008183813
osmo1ylx685geysj7776236nlkcjhkcq0xvrp26y4pa,XKI,18.476107,1.4532539841088297
osmo16g5xl2ry9yzul8wnarc7ckx7vl5y7g8qpca2xa,OSMO,1.246801,1.39405833459213
osmo1d2jqp78s7re34v4ytrj6nu98rwq98ywqtnsrww,OSMO,1.23877,1.3850788082001
osmo1lhxpf027r3cje4aa5zc3c29synvj2ldyllxf6s,EVMOS,0.7303948775012553,1.3286242770524668
osmo16lln26dtpdd0dyp4g76jaqgde5wc5mc8e2cvy3,AKT,3.801974,1.3277551525681892
osmo1cf6ym2cfcv0mxqvy02gv8f0pl05dhra02jfw89,OSMO,1.178348,1.3175204787692398
osmo1v4eun5x95rnsa70wz6m3lhyrwz4y49jf0stpev,OSMO,1.17402,1.3126813067826
osmo1d2jqp78s7re34v4ytrj6nu98rwq98ywqtnsrww,axlUSDC,1.309038,1.3090380118074516
osmo1rerntmwsm7rd52f9panpy38rm0ew5vf8w9w0fw,OSMO,1.165149,1.30276256956137
osmo16lln26dtpdd0dyp4g76jaqgde5wc5mc8e2cvy3,OSMO,1.162979,1.30033627491927
osmo1dxh7d7fuvjy43e0557mx6wwe4luyc0s2z0jfec,ATOM,0.137501,1.2952404287130863
osmo10ntzdf5syg2ema257j4pmyx05jlvdvsvkp5d4p,LUNA,26463.956936,1.2862584080297865
osmo1cf6ym2cfcv0mxqvy02gv8f0pl05dhra02jfw89,UST,147.113858,1.274595563008566
osmo1dxh7d7fuvjy43e0557mx6wwe4luyc0s2z0jfec,UMEE,41.350118,1.2570156799186671
osmo1tf0umnrnxh97sqvfd4dy30hqm8pl2g3458vs2d,OSMO,1.106929,1.23766631423277
osmo1zmsts6u08t2fp02vs7xpe7csx6hqv0hdmshaz7,OSMO,1.071046,1.1975452402039801
osmo1tf0umnrnxh97sqvfd4dy30hqm8pl2g3458vs2d,UST,135.983445,1.17816158175676
osmo1rerntmwsm7rd52f9panpy38rm0ew5vf8w9w0fw,LUNA,22696.664383,1.103152316468232
osmo14k6cvka848s62sx8rup5zmdh80lza88zr64nvd,OSMO,0.982276,1.09829078150388
osmo1zmsts6u08t2fp02vs7xpe7csx6hqv0hdmshaz7,DARC,391.304013,1.0941855133667626
osmo1pa0kkk5gnp7awaf88lvsh7aw3fwvmnm865czje,axlUSDT,1.155835,1.0914141664077999
osmo14k6cvka848s62sx8rup5zmdh80lza88zr64nvd,MNTL,11.520479,1.0832529682409817
osmo1pa0kkk5gnp7awaf88lvsh7aw3fwvmnm865czje,axlFRAX,1.3126828084466509,1.0763371149197876
osmo16lln26dtpdd0dyp4g76jaqgde5wc5mc8e2cvy3,ATOM,0.112407,1.058858414632271
osmo1xezn7jjvdrtpjafy9cwp7th4j6duaqu2utcelz,UST,121.911483,1.0562419980284539
osmo1ckf85ghlu37xvmfkh8gjq72kh9dxnedytlus54,OSMO,0.926066,1.03544192351658
osmo16lln26dtpdd0dyp4g76jaqgde5wc5mc8e2cvy3,UMEE,33.805308,1.0276585479267544
osmo1k09afxhedzgrkn60rrnpa0u66yv3vz7yd6e34s,ATOM,0.108103,1.0183153290897575
osmo1x6tw4glku3akevllsayxu4r4qeu9utcpun8xuc,ATOM,0.10337,0.9737311227996286
osmo1r943fkjkccw85rsnvvvm3q3f2svauvlzczc755,LUM,698.472619,0.9517499772949469
osmo1x6tw4glku3akevllsayxu4r4qeu9utcpun8xuc,HUAHUA,19822.455315,0.9299866887212842
osmo1cww8ylq7ge7ps8776qvugasd6yks3c7u6wqyht,LUNA,18822.767641,0.9148648178040263
osmo1dfwm8kvaq330nzpml86hex6wy8qjm9cc9vfznw,HUAHUA,19414.951178,0.9108682991481177
osmo1cww8ylq7ge7ps8776qvugasd6yks3c7u6wqyht,OSMO,0.799859,0.89432885075367
osmo1dfwm8kvaq330nzpml86hex6wy8qjm9cc9vfznw,OSMO,0.792023,0.8855673554469901
osmo1t5d7cje9jlg46mkeplgu3lt4fxq8u4mtyehqz4,HUAHUA,18734.975238,0.878966672291014
osmo1gmsxq4f2wjn80f2ywmz37zejkkru6zwsyjp3hu,LUNA,18080.11398,0.8787687601348916
osmo1ckf85ghlu37xvmfkh8gjq72kh9dxnedytlus54,LUNA,18016.009967,0.8756530384040445
osmo1aavlnvef7tw2a75s72uwyf67gvf5q8n579tduk,LUNA,17737.319316,0.8621075132977666
osmo1m4lknc9fmeduypt78fj7adyseauxz2qwyzuder,OSMO,0.753079,0.84202375243227
osmo1m4lknc9fmeduypt78fj7adyseauxz2qwyzuder,UST,96.382774,0.8350610728382732
osmo15f6nvuqsun8ky9tz57dhphleta68hu3pvq5hks,OSMO,0.722988,0.80837876069244
osmo1crykcdaxm3u4flnjxq0kmyye7uqy9tcesac6u2,ATOM,0.08283,0.7802471597319651
osmo1crykcdaxm3u4flnjxq0kmyye7uqy9tcesac6u2,JUNO,0.204055,0.762023592439246
osmo15f6nvuqsun8ky9tz57dhphleta68hu3pvq5hks,LUNA,13973.161037,0.6791537604924804
osmo1yjwr499xz47fv658y5zgmql3t6ug9v63xumpap,LUNA,13598.541446,0.6609456897983758
osmo1trc5cehaqgsw74x3d0xekf0k4e0xs80w95cvh0,axlUSDC,0.632682,0.6326820057067573
osmo1trc5cehaqgsw74x3d0xekf0k4e0xs80w95cvh0,OSMO,0.562096,0.62848410744048
osmo1t4p2cm5pxy0d7cjvlktxtgmntf8wyfu3sfyp5v,ATOM,0.063321,0.5964750742652151
osmo1xmrctxvjv5nfk5n7vl4jlghgve8us0quhydnh6,ATOM,0.05938,0.559351398586069
osmo1t4p2cm5pxy0d7cjvlktxtgmntf8wyfu3sfyp5v,OSMO,0.500104,0.55917034824552
osmo1me8923arytjjtketusxcslvcz66fwyzlle6w96,NETA,0.008736,0.5437400322595575
osmo1qx46s5gen6c88yaauh9jfttmfgdxnxxsckx0ce,LUM,396.775031,0.540652011937281
osmo12apcjlfq0wmmn60flu0znl5mf5nplkwpdc3xhf,ATOM,0.055554,0.5233110070234165
osmo13n7wdmcw863qzrxrffupfk26ht3au7yw7r7en2,OSMO,0.459656,0.51394511060328
osmo13n7wdmcw863qzrxrffupfk26ht3au7yw7r7en2,MNTL,5.387722,0.5065992350280955
osmo1cne4xcmrkr0paypwc3m99r3cf9qwsf9xe25pfg,OSMO,0.445936,0.49860466705968
osmo12apcjlfq0wmmn60flu0znl5mf5nplkwpdc3xhf,LIKE,200.324491386,0.4927657734049635
osmo1wnc5emxmftn2kzrjpftu8eyraffc5cwftgp65n,OSMO,0.428475,0.47908138100174996
osmo1wnc5emxmftn2kzrjpftu8eyraffc5cwftgp65n,axlUSDC,0.47851,0.4785100043161342
osmo1yee93psptznflm9x3sw6ccntn3537z8eznxjpq,LUNA,9807.267145,0.4766739855100907
osmo19lzth5nagypjt879rf2spz3canv390ytzs98z7,LUNA,9428.749218,0.45827643946770574
osmo1cne4xcmrkr0paypwc3m99r3cf9qwsf9xe25pfg,LUNA,9176.062649,0.4459948209342992
osmo1as7ufzy5y8mnuygzx74nk4u3xc3jjgdf5vsfh9,ROWAN,36.711430548265014,0.4161783201347089
osmo1he0f64czkyhs2fhlp585sfpac6vg89xrvzswre,LIKE,137.871683603,0.33914199073326445
osmo1r943fkjkccw85rsnvvvm3q3f2svauvlzczc755,LIKE,137.252985436,0.33762009354207906
osmo1he0f64czkyhs2fhlp585sfpac6vg89xrvzswre,OSMO,0.301209,0.33678423172917
osmo1as7ufzy5y8mnuygzx74nk4u3xc3jjgdf5vsfh9,OSMO,0.291061,0.32543767042593
osmo1k278k46nsvnc9ahx0n94qwt9qul7vea6wg6khg,OSMO,0.261752,0.29266703924376
osmo1k278k46nsvnc9ahx0n94qwt9qul7vea6wg6khg,MNTL,3.066651,0.2883524893634348
osmo1lytkaq224pneqhqj5em70tkldrz76st8grxa5j,LUNA,5618.498886,0.2730824211247307
osmo14q809c4fhnvqktpeef4nz8lk7hgsqxwj2u5x0k,OSMO,0.242861,0.27154485855993
osmo14q809c4fhnvqktpeef4nz8lk7hgsqxwj2u5x0k,MNTL,2.848819,0.26787008055231953
osmo10d65jzky0vhzhccdvv9yxew8rt7cnenheeg82a,OSMO,0.230299,0.25749918423087
osmo1qnqwxazzha6lsx2rs2gewu2337uha5lz5uf2yt,OSMO,0.218339,0.24412661099607
osmo1nvn4sfc3r2d69c7v0j9v7ak87xepz9q59a6ug0,MNTL,2.537464,0.23859384751316629
osmo1yeenwv6s757f59076auzyuj70t470lkdgxlzqj,OSMO,0.212204,0.23726701761851998
osmo1qnqwxazzha6lsx2rs2gewu2337uha5lz5uf2yt,DEC,15.910931,0.23643062216679225
osmo10d65jzky0vhzhccdvv9yxew8rt7cnenheeg82a,LUNA,4654.424492,0.22622439463052066
osmo1crykcdaxm3u4flnjxq0kmyye7uqy9tcesac6u2,OSMO,0.197888,0.22126018162944
osmo1vm8fsl3srta40w82fsanu87cfed6jg2xcj0nk0,LUNA,4501.855176,0.21880889112184485
osmo1crykcdaxm3u4flnjxq0kmyye7uqy9tcesac6u2,SWTH,41.81353636,0.21487244454177373
osmo1vm8fsl3srta40w82fsanu87cfed6jg2xcj0nk0,OSMO,0.190152,0.21261049713575997
osmo1yeenwv6s757f59076auzyuj70t470lkdgxlzqj,LUNA,4224.933571,0.20534934901112556
osmo19465vhwp242pchpysajlc4gfxyqe24lsr6dc7e,OSMO,0.183433,0.20509792861029
osmo1jxdx4nszha3hu2q49tylqasuc8tjct5wusueyr,OSMO,0.176524,0.19737291954011998
osmo1ncx0zpzvmwe6f4055943xqjhqnrwh6tp2hg6a3,ROWAN,17.12768294355216,0.19416759872312636
osmo19465vhwp242pchpysajlc4gfxyqe24lsr6dc7e,LUNA,3655.034184,0.17764986778719
osmo1lytkaq224pneqhqj5em70tkldrz76st8grxa5j,NETA,0.00279,0.1736532383246526
osmo1jxdx4nszha3hu2q49tylqasuc8tjct5wusueyr,LUNA,3517.658395,0.17097283290203258
osmo1dxh7d7fuvjy43e0557mx6wwe4luyc0s2z0jfec,OSMO,0.147307,0.16470515430590998
osmo1qhv8vyl4gmmz69ggz72ktxa2pc34hvsc77cu7n,OSMO,0.146981,0.16434065105553
osmo1dxh7d7fuvjy43e0557mx6wwe4luyc0s2z0jfec,MNTL,1.727153,0.16240154718014035
osmo1qhv8vyl4gmmz69ggz72ktxa2pc34hvsc77cu7n,MNTL,1.723831,0.16208918461600594
osmo1ymkuwmhkwkalr9yn9shh9zdcy5wrgg5wp24n9p,OSMO,0.137741,0.15400933193433
osmo1ncx0zpzvmwe6f4055943xqjhqnrwh6tp2hg6a3,OSMO,0.135123,0.15108212484998998
osmo1ymkuwmhkwkalr9yn9shh9zdcy5wrgg5wp24n9p,UST,17.322733,0.15008428791923917
osmo1452urgytnkfkt2exn987ya04qy8rgm54wel7qp,STARS,4.517727,0.14501111114812756
osmo1452urgytnkfkt2exn987ya04qy8rgm54wel7qp,OSMO,0.128637,0.14383007551881
osmo1zmsts6u08t2fp02vs7xpe7csx6hqv0hdmshaz7,SOMM,0.275925,0.13280160370452299
osmo1me8923arytjjtketusxcslvcz66fwyzlle6w96,OSMO,0.116225,0.12995211740925
osmo15w8t735t0jx8j8egswuu0f5gqc5nrxe57t8f7t,LUNA,2605.245581,0.12662577412923343
osmo1ncg4h3vhcdl5cx8xugee5x508glugww3cf259q,OSMO,0.10186,0.11389049412180001
osmo1ed0hmq97ew4a40gpa4nprnmh5kd7vsss2r9rwv,LUNA,2212.792073,0.1075509008725025
osmo15w8t735t0jx8j8egswuu0f5gqc5nrxe57t8f7t,OSMO,0.087317,0.09762984758721001
osmo1ncg4h3vhcdl5cx8xugee5x508glugww3cf259q,LUNA,1996.395267,0.09703311580122882
osmo1d2jqp78s7re34v4ytrj6nu98rwq98ywqtnsrww,axlWBTC,2.97e-06,0.09211972907318224
osmo1lt3cmjpzsd7lga33mxngw7fq87f3p7pcs93573,OSMO,0.070021,0.07829104937073
osmo1fp285s3y7jc9umuusplxnehyn3rc5dkvxf6kag,OSMO,0.069783,0.07802493963578999
osmo1lt3cmjpzsd7lga33mxngw7fq87f3p7pcs93573,MNTL,0.820158,0.07711819863797217
osmo1fp285s3y7jc9umuusplxnehyn3rc5dkvxf6kag,LUNA,1368.131047,0.0664968608717942
osmo10ypr45zpg9v5t0wv32uv9fgkzyxrwla8gufsc0,LUNA,1346.96297,0.06546800426169168
osmo1l0q6w9gemqhaml8e2s9ptw4su4svweaxjjl6jg,LUM,46.130797,0.06285856281697394
osmo1l0q6w9gemqhaml8e2s9ptw4su4svweaxjjl6jg,OSMO,0.055796,0.06238596122148
osmo1qnqwxazzha6lsx2rs2gewu2337uha5lz5uf2yt,ATOM,0.006312,0.05945816820268216
osmo1cwux6ehfyg98zj7x3vgr7gz33l2kye3n42su5t,ATOM,0.006251,0.058883556627846355
osmo1cwux6ehfyg98zj7x3vgr7gz33l2kye3n42su5t,OSMO,0.051412,0.05748417517956
osmo1qnqwxazzha6lsx2rs2gewu2337uha5lz5uf2yt,LUM,40.818371,0.055619766066258236
osmo1vdheth60w3xcd3pdn9pcnqp6sutg49yud20uvq,LUNA,1125.8918,0.054723025652742126
osmo15w8t735t0jx8j8egswuu0f5gqc5nrxe57t8f7t,UST,5.903288,0.05114613126359389
osmo1mfk3gkd6y5hg92382vj8mfnff5cuypyhd9c0s6,LUNA,963.530962,0.0468316134381095
osmo1ayr66pd4strevwduwc4dprdzn4dr4a6g6huylq,OSMO,0.037745,0.04220299136685
osmo1ayr66pd4strevwduwc4dprdzn4dr4a6g6huylq,MNTL,0.443272,0.041680186191747445
osmo1h46zkhv82yzvgea0mwcavdxt9ljq63g5fupqww,OSMO,0.03017,0.0337333222821
osmo1fgsjcrrrpp260h72402nz6n46wt5kv5kj4v0hf,LUNA,628.086864,0.03052763468996075
osmo1h46zkhv82yzvgea0mwcavdxt9ljq63g5fupqww,LUNA,621.468245,0.030205942270384797
osmo1dmkgxmm6290z59w657uasr2pmecmwzn32tv8gu,ATOM,0.003098,0.02918273211215294
osmo1dmkgxmm6290z59w657uasr2pmecmwzn32tv8gu,OSMO,0.02448,0.027371287022399996
osmo1tf0umnrnxh97sqvfd4dy30hqm8pl2g3458vs2d,LUNA,496.587669,0.024136226722250232
osmo1qnqwxazzha6lsx2rs2gewu2337uha5lz5uf2yt,HUAHUA,509.796291,0.023917509564555284
osmo1qnqwxazzha6lsx2rs2gewu2337uha5lz5uf2yt,CRBRUS,2493.49511,0.02316825635477789
osmo1mt938sajcru8csempfsp02x480zdvh0upgyk8n,OSMO,0.020337,0.02273896503981
osmo1adn2uwpw7cz2lkxf2rlrenq0cyyz50umtpwtjt,OSMO,0.018967,0.02120715690171
osmo1mt938sajcru8csempfsp02x480zdvh0upgyk8n,LUNA,405.287999,0.019698682916089737
osmo1adn2uwpw7cz2lkxf2rlrenq0cyyz50umtpwtjt,LUNA,369.290298,0.017949044882254923
osmo1dnnl0pj4pruwlkkp6gsguhfh88e492jgfxj4mq,LUNA,350.419362,0.01703183888180332
osmo143n3vrwyyha92p3spxe80wqwplec3p3mvl0s5t,OSMO,0.011961,0.013373691342929999
osmo1yh0zg7uy6sadnnh3357p87azgve72x4djsj9f4,OSMO,0.011048,0.01235285862024
osmo143n3vrwyyha92p3spxe80wqwplec3p3mvl0s5t,LUNA,234.196606,0.011382929405759185
osmo1575dcet8r0pnz34f3c7dr97l2j8rl08vratfm6,OSMO,0.009633,0.010770735616289998
osmo1575dcet8r0pnz34f3c7dr97l2j8rl08vratfm6,MNTL,0.114506,0.010766823530636342
osmo10k0qxqh39fwk2khv49g0n673kfqwe778f09ffg,OSMO,0.005023,0.00561625713699
osmo10k0qxqh39fwk2khv49g0n673kfqwe778f09ffg,CRBRUS,601.784783,0.0055914704091592875
osmo1nu0m3gdx79yea4tmykl3zjhq9devg6hxh84rsp,OSMO,0.003447,0.00385411872411
osmo1nu0m3gdx79yea4tmykl3zjhq9devg6hxh84rsp,LUNA,67.074222,0.003260086245537733
osmo1m5rwy9p40m7wsgyg07x5t9yjauh6yhf74p4ukc,LUNA,44.037408,0.0021404012425210585
osmo1m5rwy9p40m7wsgyg07x5t9yjauh6yhf74p4ukc,OSMO,0.001874,0.00209533463562
osmo1zg4cwm5j3keugcmprr9j67433kn9m46tp7p7x4,OSMO,0.001016,0.00113599786008
osmo1zg4cwm5j3keugcmprr9j67433kn9m46tp7p7x4,LUNA,19.806251,0.0009626662007465098
osmo1za2zsg54554pvtpvxl0nz5uztnmhfncu5vtfrv,OSMO,5.6999999999999996e-05,6.373216341e-05
osmo1za2zsg54554pvtpvxl0nz5uztnmhfncu5vtfrv,EVMOS,2.9271915442601997e-05,5.324705675088908e-05
osmo12s6hx9j7f8lazzhv3cps2l57rhkae0llqk0lcv,LUNA,0.274837,1.3358221634905492e-05
osmo12s6hx9j7f8lazzhv3cps2l57rhkae0llqk0lcv,OSMO,1e-05,1.11810813e-05
osmo1za2zsg54554pvtpvxl0nz5uztnmhfncu5vtfrv,ATOM,1e-06,9.419861882554208e-06
