height,code,sender,type,pool_id,shares,token_1_amount,token_1_denom,token_2_amount,token_2_denom,share_impact_amount
4707364,0,osmo1q5cv296zedshm3eggg9ps90jx3fhad55ndxwrw,Exit,1,762250296963882503058,10092351,ibc/27394FB092D2ECCD56123C74F36E4C1F926001CEADA9CA97EA622B25F41E5EB2,78570405,uosmo,0.0
4707366,0,osmo1wy0qnu62k4qx8kfvc2q6n76cxnxgpgmqcyqsnu,Exit,1,3854955715204338946616,51041171,ibc/27394FB092D2ECCD56123C74F36E4C1F926001CEADA9CA97EA622B25F41E5EB2,397351015,uosmo,0.0
4707470,0,osmo17d6eypvgf9p8cqfvfdpm5wldjlglvhz89ext68,Exit,1,191723333654131736677,2538297,ibc/27394FB092D2ECCD56123C74F36E4C1F926001CEADA9CA97EA622B25F41E5EB2,19763481,uosmo,3.339649859603266e+20
4707671,0,osmo18vln3u6et46gekr8wr2j9lexnhu52xce3qa05k,Exit,1,487754098894285822676,6448472,ibc/27394FB092D2ECCD56123C74F36E4C1F926001CEADA9CA97EA622B25F41E5EB2,50350358,uosmo,3.589181926701018e+20
4707802,0,osmo1z4v55tku262akr660zv0s7e6f4hghya5c2rcla,Exit,1,39439372041905503811061,521490228,ibc/27394FB092D2ECCD56123C74F36E4C1F926001CEADA9CA97EA622B25F41E5EB2,4070712548,uosmo,1.5573620413560416e+21
4707885,0,osmo1cc56ryg7v58hvw0etrhhl9ufmksg5jl9t60mjc,Exit,1,141550259429820387979,1871444,ibc/27394FB092D2ECCD56123C74F36E4C1F926001CEADA9CA97EA622B25F41E5EB2,14611672,uosmo,2.794369972904389e+21
4707890,0,osmo1s94x2ppjlchahtrsl24eas2emq0u7zcc8wr7lr,Exit,1,66822211883407171674,883526,ibc/27394FB092D2ECCD56123C74F36E4C1F926001CEADA9CA97EA622B25F41E5EB2,6897272,uosmo,2.794369972904389e+21
4708008,0,osmo1d00m4h4q8pfvd9rdp5w34ndwt8flfgzzlemx0m,Exit,1,9897769537148412067279,130818182,ibc/27394FB092D2ECCD56123C74F36E4C1F926001CEADA9CA97EA622B25F41E5EB2,1022027681,uosmo,2.974540808220293e+21
4708017,0,osmo18v85clkgwzvuugp03xf4e4etl5qqqtc7mxzv56,Exit,1,890764341976439798241,11773627,ibc/27394FB092D2ECCD56123C74F36E4C1F926001CEADA9CA97EA622B25F41E5EB2,91975360,uosmo,2.974540808220293e+21
4708311,0,osmo1geth7fyn2qchnr5vfsk4s88a2qhw7yvdzjdand,Exit,1,160606272984686800656,2119043,ibc/27394FB092D2ECCD56123C74F36E4C1F926001CEADA9CA97EA622B25F41E5EB2,16611990,uosmo,2.350918459267366e+22
4708471,0,osmo1sm8peyeg0cj6wr8w0wl305k6w5yz2mj3p3zppt,Exit,1,511193508558081485557,6746161,ibc/27394FB092D2ECCD56123C74F36E4C1F926001CEADA9CA97EA622B25F41E5EB2,52862899,uosmo,2.4094458041174147e+22
4708478,0,osmo16g5xl2ry9yzul8wnarc7ckx7vl5y7g8qpca2xa,Exit,1,12057672535126495211,159134,ibc/27394FB092D2ECCD56123C74F36E4C1F926001CEADA9CA97EA622B25F41E5EB2,1246801,uosmo,2.4094458041174147e+22
4708480,0,osmo1vj06gt7dhevlzxfg9ucnztsyehh6mvxnsk9229,Exit,1,2784813513927473279238,36753524,ibc/27394FB092D2ECCD56123C74F36E4C1F926001CEADA9CA97EA622B25F41E5EB2,287958813,uosmo,2.4094458041174147e+22
4708502,0,osmo1q0x6hfuknmgsmv3vv3tu60v8ph054qmynydc3y,Exit,1,24604995204930883559084,324807757,ibc/27394FB092D2ECCD56123C74F36E4C1F926001CEADA9CA97EA622B25F41E5EB2,2543649846,uosmo,2.42741003101837e+22
4708779,0,osmo1gqylk9jknp043qd79thldxalz6vhnr4txtn7u4,Exit,1,5686624857700536212,75036,ibc/27394FB092D2ECCD56123C74F36E4C1F926001CEADA9CA97EA622B25F41E5EB2,588124,uosmo,2.4578375702014295e+22
4708830,0,osmo1pluvppw3973qkk5rt8w0mmdsqx03hy6xl84etm,Exit,1,1942891576534137642398,25634156,ibc/27394FB092D2ECCD56123C74F36E4C1F926001CEADA9CA97EA622B25F41E5EB2,200963334,uosmo,2.457981525012891e+22
4708841,0,osmo10xnqv49h7hh0gfspl7pq6w5nfqtkvj4rxzhel9,Exit,1,147018662244062199391173,1939763062,ibc/27394FB092D2ECCD56123C74F36E4C1F926001CEADA9CA97EA622B25F41E5EB2,15206701645,uosmo,2.457981525012891e+22
4708867,0,osmo1uvxs9q40jl72q9p3jsx53zh65uksxtm6hw6xjh,Exit,1,626039761133969047404,8258562,ibc/27394FB092D2ECCD56123C74F36E4C1F926001CEADA9CA97EA622B25F41E5EB2,64764786,uosmo,2.4597984983727674e+22
4708904,0,osmo1pluvppw3973qkk5rt8w0mmdsqx03hy6xl84etm,Exit,1,695403886280098529070,9170525,ibc/27394FB092D2ECCD56123C74F36E4C1F926001CEADA9CA97EA622B25F41E5EB2,71964712,uosmo,2.486714449936018e+22
4708986,0,osmo178s275svy3n97c82vdglhv6m8j56yc30msgxmr,Exit,1,73000002633630475447,961733,ibc/27394FB092D2ECCD56123C74F36E4C1F926001CEADA9CA97EA622B25F41E5EB2,7561856,uosmo,2.7570611507819123e+22
4709267,0,osmo127rxtmsja3jses3dhq7nj2stkq53j3cw27yjlu,Exit,1,31486562019759720462000,414526196,ibc/27394FB092D2ECCD56123C74F36E4C1F926001CEADA9CA97EA622B25F41E5EB2,3263887742,uosmo,3.1199749983153206e+22
4709339,0,osmo1cwj3vqxk6p7e6ntxt8925m3l9d6l0jr554d3e7,Exit,1,2025778425772921155617,26658106,ibc/27394FB092D2ECCD56123C74F36E4C1F926001CEADA9CA97EA622B25F41E5EB2,210083326,uosmo,3.1576683347676727e+22
4709410,0,osmo129xvhtfhplpul2tgqy9ufm40u62667f0qxgmw2,Exit,1,16019413118350754786267,210769774,ibc/27394FB092D2ECCD56123C74F36E4C1F926001CEADA9CA97EA622B25F41E5EB2,1661580861,uosmo,3.23544804959981e+22
4709426,0,osmo1xezn7jjvdrtpjafy9cwp7th4j6duaqu2utcelz,Exit,1,80123368566944194803,1054215,ibc/27394FB092D2ECCD56123C74F36E4C1F926001CEADA9CA97EA622B25F41E5EB2,8310466,uosmo,3.23544804959981e+22
4709435,0,osmo1t5d7cje9jlg46mkeplgu3lt4fxq8u4mtyehqz4,Exit,1,32496122731391875660,427633,ibc/27394FB092D2ECCD56123C74F36E4C1F926001CEADA9CA97EA622B25F41E5EB2,3369988,uosmo,3.23544804959981e+22
4709438,0,osmo1jeesfvtyh35ljartj75v633srxnkql7guq0csy,Exit,1,68356161992863037542,899513,ibc/27394FB092D2ECCD56123C74F36E4C1F926001CEADA9CA97EA622B25F41E5EB2,7088989,uosmo,3.23544804959981e+22
4709544,0,osmo132c0nklmwcu85f07er56ftjtq2hr6l49znytst,Exit,1,76041346779875491182,1002078,ibc/27394FB092D2ECCD56123C74F36E4C1F926001CEADA9CA97EA622B25F41E5EB2,7874662,uosmo,3.56149985383071e+22
4709582,0,osmo1rncc9x794q6le56vryjtljnvjl2recn3w2htdp,Exit,1,22456381846297298896,295971,ibc/27394FB092D2ECCD56123C74F36E4C1F926001CEADA9CA97EA622B25F41E5EB2,2325209,uosmo,3.56149985383071e+22
4709641,0,osmo1y76k2egpryndqm8vrstmfjlx0ue3hc00e082td,Exit,1,17945047347951405681321,236575169,ibc/27394FB092D2ECCD56123C74F36E4C1F926001CEADA9CA97EA622B25F41E5EB2,1857612094,uosmo,3.5619223091774075e+22
4709664,0,osmo14sr40ga620h7r26npfccrn5d694xjxfsnjkqjv,Exit,1,95322163583244562138,1256729,ibc/27394FB092D2ECCD56123C74F36E4C1F926001CEADA9CA97EA622B25F41E5EB2,9866901,uosmo,3.5777038116815345e+22
4709667,0,osmo19lexqfkg95hn8ffe2qyxl3404vr2t6uvj6xp8q,Exit,1,104439481279788220408,1376932,ibc/27394FB092D2ECCD56123C74F36E4C1F926001CEADA9CA97EA622B25F41E5EB2,10810645,uosmo,3.5777038116815345e+22
4709766,0,osmo16es0x30h7hwm369adp5vy7prmzl75l6qdkfwsc,Exit,1,124842941584788080511,1645846,ibc/27394FB092D2ECCD56123C74F36E4C1F926001CEADA9CA97EA622B25F41E5EB2,12923303,uosmo,3.578885966863865e+22
4709893,0,osmo13kj8rk8glvc5c0xftcmm2n8l6m8ep0yrk9xzk4,Exit,1,22891921080428772367368,301858416,ibc/27394FB092D2ECCD56123C74F36E4C1F926001CEADA9CA97EA622B25F41E5EB2,2369166816,uosmo,3.6684368921801664e+22
4710006,0,osmo12sua5rwelhad404xamf86escnh2msje6r3xp7p,Exit,1,89260337397952447828,1178843,ibc/27394FB092D2ECCD56123C74F36E4C1F926001CEADA9CA97EA622B25F41E5EB2,9223483,uosmo,3.878474967289964e+22
4710100,0,osmo1ywgp5ar9w6gfny8vzx8gxsgtuc3zu0kq5yacxe,Exit,1,1021840982236520710566,13470805,ibc/27394FB092D2ECCD56123C74F36E4C1F926001CEADA9CA97EA622B25F41E5EB2,105781288,uosmo,3.926525940449245e+22
4710149,0,osmo1lytkaq224pneqhqj5em70tkldrz76st8grxa5j,Exit,1,5207529923512498480376,68647738,ibc/27394FB092D2ECCD56123C74F36E4C1F926001CEADA9CA97EA622B25F41E5EB2,539104917,uosmo,3.926525940449245e+22
4710303,0,osmo10hfp70p9nucq7grtmasskyut7qt9ezp0645h02,Exit,1,1045971483922275918773,13761167,ibc/27394FB092D2ECCD56123C74F36E4C1F926001CEADA9CA97EA622B25F41E5EB2,108498312,uosmo,3.940439518260982e+22
4710426,0,osmo1ed0hmq97ew4a40gpa4nprnmh5kd7vsss2r9rwv,Exit,1,6735252661041808767583,88458134,ibc/27394FB092D2ECCD56123C74F36E4C1F926001CEADA9CA97EA622B25F41E5EB2,699861183,uosmo,3.950971555387915e+22
4710479,0,osmo1xmrctxvjv5nfk5n7vl4jlghgve8us0quhydnh6,Exit,1,4518470500744172961,59380,ibc/27394FB092D2ECCD56123C74F36E4C1F926001CEADA9CA97EA622B25F41E5EB2,469221,uosmo,4.095796807851567e+22
4710601,0,osmo1grlzew508av793wwec4gnzvel5l7we3tnt0gw3,Exit,1,1274294623977442438239,16761412,ibc/27394FB092D2ECCD56123C74F36E4C1F926001CEADA9CA97EA622B25F41E5EB2,132211991,uosmo,4.12225458631573e+22
4710632,0,osmo1vesuj4a0f7zfyngnq9pqjqta3gy9r5j45yz5rs,Exit,1,4927451899572506321840,64811628,ibc/27394FB092D2ECCD56123C74F36E4C1F926001CEADA9CA97EA622B25F41E5EB2,511250009,uosmo,4.152364428691916e+22
4710728,0,osmo1rjn0rnxjhd7hvacvwk8gu65sgwfnph7sl28ptv,Exit,1,26477407015013369104714,348504259,ibc/27394FB092D2ECCD56123C74F36E4C1F926001CEADA9CA97EA622B25F41E5EB2,2745260054,uosmo,4.286796496700689e+22
4711167,0,osmo1v5gwad9wxv6vpvj4048x9r6awgmakw2ch4jx50,Exit,1,6679228769868587290190,87663646,ibc/27394FB092D2ECCD56123C74F36E4C1F926001CEADA9CA97EA622B25F41E5EB2,694508755,uosmo,4.575650627764713e+22
4711560,0,osmo13f0eg9yxkckz45fw0dsaxzejpldld6vpmmp7j7,Exit,1,416469854069166495047,5476023,ibc/27394FB092D2ECCD56123C74F36E4C1F926001CEADA9CA97EA622B25F41E5EB2,43225917,uosmo,4.95878198344521e+22
4711586,0,osmo13f0eg9yxkckz45fw0dsaxzejpldld6vpmmp7j7,Exit,1,416469854069166495046,5475914,ibc/27394FB092D2ECCD56123C74F36E4C1F926001CEADA9CA97EA622B25F41E5EB2,43226781,uosmo,4.95878198344521e+22
4711702,0,osmo1t4p2cm5pxy0d7cjvlktxtgmntf8wyfu3sfyp5v,Exit,1,4817122236508762559,63321,ibc/27394FB092D2ECCD56123C74F36E4C1F926001CEADA9CA97EA622B25F41E5EB2,500104,uosmo,5.039160137966523e+22
4711883,0,osmo1dmkgxmm6290z59w657uasr2pmecmwzn32tv8gu,Exit,1,235772778653733336,3098,ibc/27394FB092D2ECCD56123C74F36E4C1F926001CEADA9CA97EA622B25F41E5EB2,24480,uosmo,5.607592179333347e+22
4712024,0,osmo16vrdu9dkrcvmanl2tpgx0uaqzc5gu6y3x96tru,Exit,1,159495893719514429852,2096372,ibc/27394FB092D2ECCD56123C74F36E4C1F926001CEADA9CA97EA622B25F41E5EB2,16560206,uosmo,5.7379868565858565e+22
4712039,0,osmo15ez8twgazsgytavyyffzrwafujng0yczvsmedk,Exit,1,79733759009450389423,1048003,ibc/27394FB092D2ECCD56123C74F36E4C1F926001CEADA9CA97EA622B25F41E5EB2,8278606,uosmo,5.7379868565858565e+22
4712043,0,osmo15ez8twgazsgytavyyffzrwafujng0yczvsmedk,Exit,1,79733759009450389423,1048003,ibc/27394FB092D2ECCD56123C74F36E4C1F926001CEADA9CA97EA622B25F41E5EB2,8278606,uosmo,5.7379868565858565e+22
4712065,0,osmo1yhargpw9m83g539dkxt47d54u4pcfdkd45fzwu,Exit,1,157599327679499573659,2071824,ibc/27394FB092D2ECCD56123C74F36E4C1F926001CEADA9CA97EA622B25F41E5EB2,16360300,uosmo,5.7379868565858565e+22
4712076,0,osmo1rncs8nl5hn5dxsclqapugt07saapxst8uspg56,Exit,1,157586551521628801123,2071647,ibc/27394FB092D2ECCD56123C74F36E4C1F926001CEADA9CA97EA622B25F41E5EB2,16359020,uosmo,5.785705186856635e+22
4712085,0,osmo1kd8jmvgr38v88se9tv3845z4s0xrx53p5vmr0l,Exit,1,156993059955711299774,2064608,ibc/27394FB092D2ECCD56123C74F36E4C1F926001CEADA9CA97EA622B25F41E5EB2,16291421,uosmo,5.785705186856635e+22
4712096,0,osmo1ygph68pmxwupwjpddhmav33qnrmvze4sfqk2aq,Exit,1,187284963470146211092,2463231,ibc/27394FB092D2ECCD56123C74F36E4C1F926001CEADA9CA97EA622B25F41E5EB2,19432845,uosmo,5.785705186856635e+22
4712102,0,osmo1wkr4f2w6dyv7u608a8zecdvuj39h266py9nsvn,Exit,1,156614565676620402347,2060077,ibc/27394FB092D2ECCD56123C74F36E4C1F926001CEADA9CA97EA622B25F41E5EB2,16248621,uosmo,5.785705186856635e+22
4712265,0,osmo1qx46s5gen6c88yaauh9jfttmfgdxnxxsckx0ce,Exit,1,126545892535964701659,1659366,ibc/27394FB092D2ECCD56123C74F36E4C1F926001CEADA9CA97EA622B25F41E5EB2,13170277,uosmo,5.826559765447531e+22
4712358,0,osmo1nmlt2tkcsp46m305euparp8z04w3cz2kscejvd,Exit,1,153841179004848698754,2014944,ibc/27394FB092D2ECCD56123C74F36E4C1F926001CEADA9CA97EA622B25F41E5EB2,16029766,uosmo,5.826559765447531e+22
4712543,0,osmo1g40gzgswcl7shzm8nr8k283ue07x9ut43xlnhy,Exit,1,5170890531037642457376,66365397,ibc/27394FB092D2ECCD56123C74F36E4C1F926001CEADA9CA97EA622B25F41E5EB2,537092338,uosmo,9.3126438013221e+24
4712621,0,osmo13v04eleavls6pudptc0lg7t3yte6fxn7tshdjv,Exit,1,2157411324804303678959,27579880,ibc/27394FB092D2ECCD56123C74F36E4C1F926001CEADA9CA97EA622B25F41E5EB2,223965384,uosmo,1.1083388645867762e+25
4712837,0,osmo18w9zzcnmqtypc689gkewxg964vvxxa6l7dqxju,Exit,1,170554983783209870210,2156492,ibc/27394FB092D2ECCD56123C74F36E4C1F926001CEADA9CA97EA622B25F41E5EB2,17669763,uosmo,1.6216850635467735e+25
4712978,0,osmo1za2zsg54554pvtpvxl0nz5uztnmhfncu5vtfrv,Exit,1,155670316199114,1,ibc/27394FB092D2ECCD56123C74F36E4C1F926001CEADA9CA97EA622B25F41E5EB2,15,uosmo,2.0076801334309193e+25
4712983,0,osmo18xghup22yvqzagfes4elvxxaw7uq3spceez9td,Exit,1,634398909461301913127,7967995,ibc/27394FB092D2ECCD56123C74F36E4C1F926001CEADA9CA97EA622B25F41E5EB2,65520567,uosmo,2.0076831758253206e+25
4712986,0,osmo1cwux6ehfyg98zj7x3vgr7gz33l2kye3n42su5t,Exit,1,498049465913564488,6251,ibc/27394FB092D2ECCD56123C74F36E4C1F926001CEADA9CA97EA622B25F41E5EB2,51412,uosmo,2.046912756856816e+25
4712999,0,osmo1dce5fs9u963dxlpguk78a3c03etsvrd32ttsd5,Exit,1,113307147964711753636,1421224,ibc/27394FB092D2ECCD56123C74F36E4C1F926001CEADA9CA97EA622B25F41E5EB2,11688730,uosmo,2.1061304594044417e+25
4713001,0,osmo1lhxpf027r3cje4aa5zc3c29synvj2ldyllxf6s,Exit,1,23035376569226222069,288977,ibc/27394FB092D2ECCD56123C74F36E4C1F926001CEADA9CA97EA622B25F41E5EB2,2375974,uosmo,2.1061387620946004e+25
4713016,0,osmo1dce5fs9u963dxlpguk78a3c03etsvrd32ttsd5,Exit,1,23468410883118770222,292646,ibc/27394FB092D2ECCD56123C74F36E4C1F926001CEADA9CA97EA622B25F41E5EB2,2435294,uosmo,2.1061512116927405e+25
4713064,0,osmo1lhxpf027r3cje4aa5zc3c29synvj2ldyllxf6s,Exit,1,384776382425740750665,4753964,ibc/27394FB092D2ECCD56123C74F36E4C1F926001CEADA9CA97EA622B25F41E5EB2,40049642,uosmo,2.351263533467819e+25
4707358,0,osmo1q5cv296zedshm3eggg9ps90jx3fhad55ndxwrw,Exit,2,9633519667662087626886,23007,uion,4579187,uosmo,0.0
4708160,0,osmo1nvn4sfc3r2d69c7v0j9v7ak87xepz9q59a6ug0,Exit,2,70479360750236166764204,168192,uion,33604990,uosmo,0.0
4710154,0,osmo1lytkaq224pneqhqj5em70tkldrz76st8grxa5j,Exit,2,3758679862008441723828,8909,uion,1787339,uosmo,4.128747250031519e+24
4708120,0,osmo1njxc26m647qh6f7d7f07m9pxrrhrjg8qc3mfcw,Exit,3,355691528783231699741,11283824,ibc/1480B8FD20AD5FCAE81EA87584D269547DD4D436843C1D20F15E00EB64743EF4,3466339,uosmo,6.295963483327146e+22
4709442,0,osmo1uryp8xxqhfhf2sd40usud4kz4gx9jn4ftnsvg5,Exit,3,1473098824925455386201,46826856,ibc/1480B8FD20AD5FCAE81EA87584D269547DD4D436843C1D20F15E00EB64743EF4,14326673,uosmo,6.4539607800307945e+22
4709829,0,osmo16lln26dtpdd0dyp4g76jaqgde5wc5mc8e2cvy3,Exit,3,119592108583637926296,3801974,ibc/1480B8FD20AD5FCAE81EA87584D269547DD4D436843C1D20F15E00EB64743EF4,1162979,uosmo,6.471371895964065e+22
4707668,0,osmo1nqn4av0qmsqzy72q9d7yrm30khmjrjkg5dfjxt,Exit,5,266980089424649714354995,7709840355,ibc/9712DBB13B9631EDFA9BF61B55F1B2D290B2ADB67E3A4EB3A875F3B6081B3B84,9807089,uosmo,0.0
4708104,0,osmo16mdmh3lfphnmqzn20c59x75nfhfktfz9wexzep,Exit,6,873414827774234742117309,1888618,ibc/27394FB092D2ECCD56123C74F36E4C1F926001CEADA9CA97EA622B25F41E5EB2,27254064383,ibc/9712DBB13B9631EDFA9BF61B55F1B2D290B2ADB67E3A4EB3A875F3B6081B3B84,0.0
4707646,0,osmo1wu2rp75wqnh82wu3peh9ftqv36e030vj8lfq9d,Exit,9,1107888986421239481334,924647720,ibc/E6931F78057F7CC5DA0FD6CEF82FF39373A6E0452BF1FD76910B93292CF356C1,1440509,uosmo,7.848086055335263e+22
4709364,0,osmo1qp749jf5nf8cgs374prymzsm8pl8xjgafjkpqd,Exit,9,745810259103518543965292,621197245768,ibc/E6931F78057F7CC5DA0FD6CEF82FF39373A6E0452BF1FD76910B93292CF356C1,971265622,uosmo,7.140195974235919e+23
4709590,0,osmo1rncc9x794q6le56vryjtljnvjl2recn3w2htdp,Exit,9,5728587208445249732832,4771170468,ibc/E6931F78057F7CC5DA0FD6CEF82FF39373A6E0452BF1FD76910B93292CF356C1,7455536,uosmo,1.6609849436972675e+24
4710966,0,osmo1wu2rp75wqnh82wu3peh9ftqv36e030vj8lfq9d,Exit,9,1107888986421239481334,936122858,ibc/E6931F78057F7CC5DA0FD6CEF82FF39373A6E0452BF1FD76910B93292CF356C1,1420941,uosmo,2.0689963855651583e+24
4711569,0,osmo13f0eg9yxkckz45fw0dsaxzejpldld6vpmmp7j7,Exit,9,262624729865935068310130,221252053869,ibc/E6931F78057F7CC5DA0FD6CEF82FF39373A6E0452BF1FD76910B93292CF356C1,337837404,uosmo,2.0689963855651583e+24
4709625,0,osmo1rncc9x794q6le56vryjtljnvjl2recn3w2htdp,Exit,10,62355367025655925982134,8564980,ibc/27394FB092D2ECCD56123C74F36E4C1F926001CEADA9CA97EA622B25F41E5EB2,43053194996,ibc/E6931F78057F7CC5DA0FD6CEF82FF39373A6E0452BF1FD76910B93292CF356C1,4.925461749565476e+19
4709709,0,osmo164zttnpu52tkjjcmq42ts0nfu0872wfm5ahyld,Exit,10,28641570917067906201926,3934227,ibc/27394FB092D2ECCD56123C74F36E4C1F926001CEADA9CA97EA622B25F41E5EB2,19775082456,ibc/E6931F78057F7CC5DA0FD6CEF82FF39373A6E0452BF1FD76910B93292CF356C1,4.925461749565476e+19
4710106,0,osmo1ywgp5ar9w6gfny8vzx8gxsgtuc3zu0kq5yacxe,Exit,10,301385174300457831813830,41327968,ibc/27394FB092D2ECCD56123C74F36E4C1F926001CEADA9CA97EA622B25F41E5EB2,208442628673,ibc/E6931F78057F7CC5DA0FD6CEF82FF39373A6E0452BF1FD76910B93292CF356C1,4.925461749565476e+19
4711824,0,osmo1hrlrcz4etjdftqrx2ramrxldrf5gpg9nqjd0ur,Exit,10,8667203103008254623116,1171984,ibc/27394FB092D2ECCD56123C74F36E4C1F926001CEADA9CA97EA622B25F41E5EB2,6079669904,ibc/E6931F78057F7CC5DA0FD6CEF82FF39373A6E0452BF1FD76910B93292CF356C1,1.1183615673336639e+20
4708017,0,osmo1jg9wr5u9cm04g0sswegskg3tawgylem6sndy5y,Exit,13,2326051545082369225,70781781,ibc/27394FB092D2ECCD56123C74F36E4C1F926001CEADA9CA97EA622B25F41E5EB2,461581273,ibc/A0CC0CF735BFB30E730C70019D4218A1244FF383503FF7579C9201AB93CA9293,0.0
4711593,0,osmo13f0eg9yxkckz45fw0dsaxzejpldld6vpmmp7j7,Exit,15,10561261234763335115118,51513000,ibc/A0CC0CF735BFB30E730C70019D4218A1244FF383503FF7579C9201AB93CA9293,61079115,uosmo,4.684868501195115e+21
4708589,0,osmo1ppetwac9lsc20wjn94fvr36kdcuxqkp07nm5x0,Exit,22,26645800653450951370,24933953,ibc/1DCC8A6CB5689018431323953344A9F6CC4D0BFB261E88C9F7777372C10CD076,902352,ibc/27394FB092D2ECCD56123C74F36E4C1F926001CEADA9CA97EA622B25F41E5EB2,0.0
4709516,0,osmo1e09wgvj4lypvyg4qz5utdrdtff0zasqk9qv7tc,Exit,22,7177669325791395850,6737094,ibc/1DCC8A6CB5689018431323953344A9F6CC4D0BFB261E88C9F7777372C10CD076,242352,ibc/27394FB092D2ECCD56123C74F36E4C1F926001CEADA9CA97EA622B25F41E5EB2,0.0
4711559,0,osmo1hykm6nc7mkz6kn8j0sfkkjgcjgn8mytk4xaa0k,Exit,481,475982161701971348,87353350,ibc/5973C068568365FFF40DEDCF1A1CB7582B6116B731CD31A12231AE25E20B871F,76005275,uosmo,1.4538260798302728e+16
4711847,0,osmo1lqxwdzlxvvh700sxagcm5flw2tpmp890s76lsj,Exit,481,329946537302643723,60627050,ibc/5973C068568365FFF40DEDCF1A1CB7582B6116B731CD31A12231AE25E20B871F,52621720,uosmo,1.4538260798302728e+16
4711151,0,osmo1m4v7zwadpadahzqfszz3kflg55f7ap2l6sz3e6,Exit,482,338951379982288391,70495995,ibc/27394FB092D2ECCD56123C74F36E4C1F926001CEADA9CA97EA622B25F41E5EB2,646342205,ibc/5973C068568365FFF40DEDCF1A1CB7582B6116B731CD31A12231AE25E20B871F,2.00994040318801e+17
4712877,0,osmo1rejv949h6k78u7fyeudv3lqgveqpfr0du2nwlq,Exit,482,141524169491143464,29369723,ibc/27394FB092D2ECCD56123C74F36E4C1F926001CEADA9CA97EA622B25F41E5EB2,270485907,ibc/5973C068568365FFF40DEDCF1A1CB7582B6116B731CD31A12231AE25E20B871F,2.00994040318801e+17
4707676,0,osmo1vvc7xddzjquz8cpmj8gfdudx9z5eqnn5pnq6s6,Exit,497,8287603000889386391,7728027,ibc/46B44899322F3CD854D2D46DEEF881958467CDD4B3B10086DA49296BBED94BED,24415154,uosmo,2.09186531228012e+18
4707899,0,osmo1cc56ryg7v58hvw0etrhhl9ufmksg5jl9t60mjc,Exit,497,4874391525522718113,4541253,ibc/46B44899322F3CD854D2D46DEEF881958467CDD4B3B10086DA49296BBED94BED,14372538,uosmo,1.2181798651439555e+19
4707925,0,osmo1v8ujerydzj6z0ga7zqf53eh9849l6pq8uu72vr,Exit,497,1585389403617457233,1477026,ibc/46B44899322F3CD854D2D46DEEF881958467CDD4B3B10086DA49296BBED94BED,4674680,uosmo,1.2181798651439555e+19
4708179,0,osmo1u70tvdm9wr65xnnsycymlrhnwfsj3sanzk377a,Exit,497,1178811850243495460,1096831,ibc/46B44899322F3CD854D2D46DEEF881958467CDD4B3B10086DA49296BBED94BED,3480286,uosmo,2.790336473706923e+19
4708276,0,osmo10ze4wxhkgfzgknr0779ml7w0a655tn98x6sw4u,Exit,497,153971592411721084526,143540338,ibc/46B44899322F3CD854D2D46DEEF881958467CDD4B3B10086DA49296BBED94BED,453707116,uosmo,2.863269069620553e+19
4708451,0,osmo1fwtlm9spclvzle8rw0gezkphg7uh8v6gax9m4d,Exit,497,14862793055604157296,13895022,ibc/46B44899322F3CD854D2D46DEEF881958467CDD4B3B10086DA49296BBED94BED,43672585,uosmo,5.242121675987784e+19
4708593,0,osmo1ppetwac9lsc20wjn94fvr36kdcuxqkp07nm5x0,Exit,497,3832748126972415402,3575608,ibc/46B44899322F3CD854D2D46DEEF881958467CDD4B3B10086DA49296BBED94BED,11286019,uosmo,5.242121675987784e+19
4708773,0,osmo1gqylk9jknp043qd79thldxalz6vhnr4txtn7u4,Exit,497,3095441290097343178,2884279,ibc/46B44899322F3CD854D2D46DEEF881958467CDD4B3B10086DA49296BBED94BED,9125986,uosmo,5.320576824171285e+19
4709028,0,osmo1jzkah2lzef3ywvr9tdfe6d8empdl7nhz2pce3k,Exit,497,86660712507336072089,80649559,ibc/46B44899322F3CD854D2D46DEEF881958467CDD4B3B10086DA49296BBED94BED,255809029,uosmo,5.745113877789466e+19
4709424,0,osmo129xvhtfhplpul2tgqy9ufm40u62667f0qxgmw2,Exit,497,128256453161967587296,119356517,ibc/46B44899322F3CD854D2D46DEEF881958467CDD4B3B10086DA49296BBED94BED,378602406,uosmo,8.89733992633017e+19
4709894,0,osmo1ztf98y3uenpj2hd6675ekc4ghmvrf7gedrv922,Exit,497,66068028734048088102,61379569,ibc/46B44899322F3CD854D2D46DEEF881958467CDD4B3B10086DA49296BBED94BED,195358385,uosmo,9.450659430325174e+19
4710112,0,osmo1ywgp5ar9w6gfny8vzx8gxsgtuc3zu0kq5yacxe,Exit,497,2115590347428402880,1964375,ibc/46B44899322F3CD854D2D46DEEF881958467CDD4B3B10086DA49296BBED94BED,6258481,uosmo,2.367721415348379e+20
4710186,0,osmo1dqgam0gwfegzlz37cpdd6plr49dtkus9s5ak9u,Exit,497,1261451184001870621963,1171603355,ibc/46B44899322F3CD854D2D46DEEF881958467CDD4B3B10086DA49296BBED94BED,3730349361,uosmo,3.73176272961984e+20
4710235,0,osmo1y5rqpjeawcal6elstpdwhvnhet9lgts3mt9w0d,Exit,497,63984995810247315126,59423700,ibc/46B44899322F3CD854D2D46DEEF881958467CDD4B3B10086DA49296BBED94BED,189227939,uosmo,3.757377293418404e+20
4710454,0,osmo1xmrctxvjv5nfk5n7vl4jlghgve8us0quhydnh6,Exit,497,1653119717131870429,1533674,ibc/46B44899322F3CD854D2D46DEEF881958467CDD4B3B10086DA49296BBED94BED,4894027,uosmo,3.757797598300333e+20
4710490,0,osmo1eusaavlm9utz2a7nec3sungv6llua3lz0g7ya6,Exit,497,784427455567437890753,727764611,ibc/46B44899322F3CD854D2D46DEEF881958467CDD4B3B10086DA49296BBED94BED,2322232700,uosmo,3.757797598300333e+20
4712228,0,osmo1r9yetwqdfqcrky4yd07rwrkhumkphdqzywvp0e,Exit,497,55631647613742217074,51315216,ibc/46B44899322F3CD854D2D46DEEF881958467CDD4B3B10086DA49296BBED94BED,165655433,uosmo,4.085393231744507e+20
4712799,0,osmo1jl73mvf0zjv7rwg79s8ng9xdlql8c06mk8z4pd,Exit,497,9953133201339021204,9111289,ibc/46B44899322F3CD854D2D46DEEF881958467CDD4B3B10086DA49296BBED94BED,29864796,uosmo,4.0997989560647464e+20
4712804,0,osmo1jl73mvf0zjv7rwg79s8ng9xdlql8c06mk8z4pd,Exit,497,9953133201339021204,9109774,ibc/46B44899322F3CD854D2D46DEEF881958467CDD4B3B10086DA49296BBED94BED,29869780,uosmo,4.0997989560647464e+20
4707426,0,osmo1ssxqvhz3datp0apqkf4tkyjm95qesd4dx6w7mp,Exit,498,12199750010717854934,5209062,ibc/27394FB092D2ECCD56123C74F36E4C1F926001CEADA9CA97EA622B25F41E5EB2,12922699,ibc/46B44899322F3CD854D2D46DEEF881958467CDD4B3B10086DA49296BBED94BED,0.0
4707781,0,osmo16euxkvyt8fqcjtfnpe7rqw8730v5p2t64nsp0t,Exit,498,12282202559488841226,5245533,ibc/27394FB092D2ECCD56123C74F36E4C1F926001CEADA9CA97EA622B25F41E5EB2,13006984,ibc/46B44899322F3CD854D2D46DEEF881958467CDD4B3B10086DA49296BBED94BED,7.151430959022326e+17
4707902,0,osmo12u8tq4za4vpk9htygj99ykk5pjrwp8g7a9g30p,Exit,498,389362164630379260834,166552637,ibc/27394FB092D2ECCD56123C74F36E4C1F926001CEADA9CA97EA622B25F41E5EB2,411692061,ibc/46B44899322F3CD854D2D46DEEF881958467CDD4B3B10086DA49296BBED94BED,7.151430959022326e+17
4708053,0,osmo1xqm7e6mahm7z288cpq53cd68530a2hqkmunzjw,Exit,498,68131232105681277211,29134905,ibc/27394FB092D2ECCD56123C74F36E4C1F926001CEADA9CA97EA622B25F41E5EB2,72060612,ibc/46B44899322F3CD854D2D46DEEF881958467CDD4B3B10086DA49296BBED94BED,7.151430959022326e+17
4708127,0,osmo15gc74yxgklqx5vr0qe9r9tr2npg7dp62tg8jc7,Exit,498,4975780568298961339,2137711,ibc/27394FB092D2ECCD56123C74F36E4C1F926001CEADA9CA97EA622B25F41E5EB2,5238485,ibc/46B44899322F3CD854D2D46DEEF881958467CDD4B3B10086DA49296BBED94BED,7.151430959022326e+17
4708673,0,osmo1faf8txl48hlnt7c866dnlpe90cvvhwue608s4m,Exit,498,28484542027083620522,12196068,ibc/27394FB092D2ECCD56123C74F36E4C1F926001CEADA9CA97EA622B25F41E5EB2,30092919,ibc/46B44899322F3CD854D2D46DEEF881958467CDD4B3B10086DA49296BBED94BED,8.427003114180202e+17
4708768,0,osmo1gqylk9jknp043qd79thldxalz6vhnr4txtn7u4,Exit,498,4103185094074230578,1757892,ibc/27394FB092D2ECCD56123C74F36E4C1F926001CEADA9CA97EA622B25F41E5EB2,4332281,ibc/46B44899322F3CD854D2D46DEEF881958467CDD4B3B10086DA49296BBED94BED,8.427003114180202e+17
4708808,0,osmo1vaysxz87gfl0wm6n5rvy7ec6qm73rep79cn8g6,Exit,498,10695446438610672569,4581998,ibc/27394FB092D2ECCD56123C74F36E4C1F926001CEADA9CA97EA622B25F41E5EB2,11293014,ibc/46B44899322F3CD854D2D46DEEF881958467CDD4B3B10086DA49296BBED94BED,8.427003114180202e+17
4709035,0,osmo1crykcdaxm3u4flnjxq0kmyye7uqy9tcesac6u2,Exit,498,193301721271272269,82830,ibc/27394FB092D2ECCD56123C74F36E4C1F926001CEADA9CA97EA622B25F41E5EB2,204055,ibc/46B44899322F3CD854D2D46DEEF881958467CDD4B3B10086DA49296BBED94BED,8.427003114180202e+17
4709298,0,osmo1dfwm8kvaq330nzpml86hex6wy8qjm9cc9vfznw,Exit,498,13231953492987313823,5671506,ibc/27394FB092D2ECCD56123C74F36E4C1F926001CEADA9CA97EA622B25F41E5EB2,13964510,ibc/46B44899322F3CD854D2D46DEEF881958467CDD4B3B10086DA49296BBED94BED,9.356811252438491e+17
4709868,0,osmo103cdawt7rpnl8ppn7qnc8y4aj4e9hhlvx3w70r,Exit,498,3969062442944508518,1703712,ibc/27394FB092D2ECCD56123C74F36E4C1F926001CEADA9CA97EA622B25F41E5EB2,4182778,ibc/46B44899322F3CD854D2D46DEEF881958467CDD4B3B10086DA49296BBED94BED,1.0102074358332116e+18
4710146,0,osmo1ygt5q28smu68ltywdkamwa57ps7w8vvxjxc93t,Exit,498,11585890413264103181,4977753,ibc/27394FB092D2ECCD56123C74F36E4C1F926001CEADA9CA97EA622B25F41E5EB2,12198701,ibc/46B44899322F3CD854D2D46DEEF881958467CDD4B3B10086DA49296BBED94BED,2.145884417495734e+18
4710491,0,osmo1dg8jhryteex7lu0l7s5xfxeq5hh9wxmsrh9uz9,Exit,498,35765243673827866392,15337319,ibc/27394FB092D2ECCD56123C74F36E4C1F926001CEADA9CA97EA622B25F41E5EB2,37728304,ibc/46B44899322F3CD854D2D46DEEF881958467CDD4B3B10086DA49296BBED94BED,2.145884417495734e+18
4710817,0,osmo1w83rmdhrqudkj5qgs0c8lea6ypacp55360j77e,Exit,498,13771391116487307104,5930900,ibc/27394FB092D2ECCD56123C74F36E4C1F926001CEADA9CA97EA622B25F41E5EB2,14466025,ibc/46B44899322F3CD854D2D46DEEF881958467CDD4B3B10086DA49296BBED94BED,2.145884417495734e+18
4711344,0,osmo1kc3w9t405yz26s968sks9ny3l4rlke4kksav5h,Exit,498,4905320488297619207,2106858,ibc/27394FB092D2ECCD56123C74F36E4C1F926001CEADA9CA97EA622B25F41E5EB2,5166975,ibc/46B44899322F3CD854D2D46DEEF881958467CDD4B3B10086DA49296BBED94BED,2.294911241788522e+18
4711937,0,osmo1yuycef80txefx4fu4gc7kwzvql0ckuyhy2zrf3,Exit,498,42877322324042865082,18457201,ibc/27394FB092D2ECCD56123C74F36E4C1F926001CEADA9CA97EA622B25F41E5EB2,45064410,ibc/46B44899322F3CD854D2D46DEEF881958467CDD4B3B10086DA49296BBED94BED,2.294911241788522e+18
4710394,0,osmo1e3muvyvmrycggjsy8dfjcytcfprxtag8w54qv6,Exit,547,6021788381116827980,201162,ibc/27394FB092D2ECCD56123C74F36E4C1F926001CEADA9CA97EA622B25F41E5EB2,4653663,ibc/655BCEF3CDEBE32863FF281DBBE3B06160339E9897DC9C9C9821932A5F8BA6F8,0.0
4707885,0,osmo1zyc38m7japaygy40t986yae9x869cjds4ug486,Exit,553,14485564069836186494121942168,1731652782108,ibc/9989AD6CCA39D1131523DB0617B50F6442081162294B4795E26746292467B525,3780664,uosmo,0.0
4710184,0,osmo1r943fkjkccw85rsnvvvm3q3f2svauvlzczc755,Exit,553,1147619145004848358954079376,137252985436,ibc/9989AD6CCA39D1131523DB0617B50F6442081162294B4795E26746292467B525,299388,uosmo,0.0
4710209,0,osmo1dqgam0gwfegzlz37cpdd6plr49dtkus9s5ak9u,Exit,553,15488558983921009507889731686,1852401102184,ibc/9989AD6CCA39D1131523DB0617B50F6442081162294B4795E26746292467B525,4040621,uosmo,0.0
4710851,0,osmo1he0f64czkyhs2fhlp585sfpac6vg89xrvzswre,Exit,553,1153694522304257075347140890,137871683603,ibc/9989AD6CCA39D1131523DB0617B50F6442081162294B4795E26746292467B525,301209,uosmo,0.0
4710679,0,osmo1y6jv9m9937ftxzmg4q5zgywngxf70p7agvav5q,Exit,555,7321109332939763333620811,194445,ibc/27394FB092D2ECCD56123C74F36E4C1F926001CEADA9CA97EA622B25F41E5EB2,699001980477,ibc/9989AD6CCA39D1131523DB0617B50F6442081162294B4795E26746292467B525,0.0
4711867,0,osmo12apcjlfq0wmmn60flu0znl5mf5nplkwpdc3xhf,Exit,555,2094905593227577951224588,55554,ibc/27394FB092D2ECCD56123C74F36E4C1F926001CEADA9CA97EA622B25F41E5EB2,200324491386,ibc/9989AD6CCA39D1131523DB0617B50F6442081162294B4795E26746292467B525,0.0
4707371,0,osmo1cf6ym2cfcv0mxqvy02gv8f0pl05dhra02jfw89,Exit,560,1151904271760349731,147113858,ibc/BE1BB42D4BE3C30D50B68D7C41DB4DFCE9678E8EF8C539F6E6A9345048894FCC,1178348,uosmo,0.0
4707810,0,osmo1h28vncwwarq7f9jm0gmzy37evf3lvgt2ylupx2,Exit,560,2581371069417118668,330013702,ibc/BE1BB42D4BE3C30D50B68D7C41DB4DFCE9678E8EF8C539F6E6A9345048894FCC,2637988,uosmo,0.0
4708140,0,osmo1uz6drez7mqt7k54qsfgqcjs3n8zxu6tuns97n7,Exit,560,2428724162552241614,310642868,ibc/BE1BB42D4BE3C30D50B68D7C41DB4DFCE9678E8EF8C539F6E6A9345048894FCC,2480868,uosmo,0.0
4708242,0,osmo108ahyyk0jzr4k2fnvu3206gjderh66hs6rphsf,Exit,560,5827118278651089249,745300937,ibc/BE1BB42D4BE3C30D50B68D7C41DB4DFCE9678E8EF8C539F6E6A9345048894FCC,5952302,uosmo,0.0
4708334,0,osmo1yjwr499xz47fv658y5zgmql3t6ug9v63xumpap,Exit,560,52136045917424355579,6669055982,ibc/BE1BB42D4BE3C30D50B68D7C41DB4DFCE9678E8EF8C539F6E6A9345048894FCC,53250164,uosmo,0.0
4708603,0,osmo1gmsxq4f2wjn80f2ywmz37zejkkru6zwsyjp3hu,Exit,560,90499878987907184922,11591411581,ibc/BE1BB42D4BE3C30D50B68D7C41DB4DFCE9678E8EF8C539F6E6A9345048894FCC,92314692,uosmo,0.0
4708663,0,osmo1wvffqyahhr33w3rupsr5rj30n9jpulnuaw2qqm,Exit,560,31819647435868446183,4076961704,ibc/BE1BB42D4BE3C30D50B68D7C41DB4DFCE9678E8EF8C539F6E6A9345048894FCC,32446327,uosmo,0.0
4708816,0,osmo1fz76wg9xw4z5y9lh48mx25djmk2mdcnzv7xfdz,Exit,560,1607121859731462724,205957861,ibc/BE1BB42D4BE3C30D50B68D7C41DB4DFCE9678E8EF8C539F6E6A9345048894FCC,1638440,uosmo,0.0
4708832,0,osmo1dnnl0pj4pruwlkkp6gsguhfh88e492jgfxj4mq,Exit,560,7723753144241076060,989856091,ibc/BE1BB42D4BE3C30D50B68D7C41DB4DFCE9678E8EF8C539F6E6A9345048894FCC,7874017,uosmo,0.0
4708847,0,osmo1vekng0lvhdqw7eedl3l2hf06vt3evgkk9zpjns,Exit,560,2378059854079200863,304765958,ibc/BE1BB42D4BE3C30D50B68D7C41DB4DFCE9678E8EF8C539F6E6A9345048894FCC,2424323,uosmo,0.0
4708895,0,osmo10yfc726n5exjpswd82dsrlvn2k8g6stptttwwc,Exit,560,144136205865436530858,18473216222,ibc/BE1BB42D4BE3C30D50B68D7C41DB4DFCE9678E8EF8C539F6E6A9345048894FCC,146931657,uosmo,0.0
4708921,0,osmo10ypr45zpg9v5t0wv32uv9fgkzyxrwla8gufsc0,Exit,560,7789276975587975661,998362452,ibc/BE1BB42D4BE3C30D50B68D7C41DB4DFCE9678E8EF8C539F6E6A9345048894FCC,7939950,uosmo,0.0
4708925,0,osmo1tf0umnrnxh97sqvfd4dy30hqm8pl2g3458vs2d,Exit,560,1060923647103698677,135983445,ibc/BE1BB42D4BE3C30D50B68D7C41DB4DFCE9678E8EF8C539F6E6A9345048894FCC,1081418,uosmo,0.0
4708956,0,osmo1ymkuwmhkwkalr9yn9shh9zdcy5wrgg5wp24n9p,Exit,560,135140171980417836,17322733,ibc/BE1BB42D4BE3C30D50B68D7C41DB4DFCE9678E8EF8C539F6E6A9345048894FCC,137741,uosmo,0.0
4708983,0,osmo12dgkqptzht3me6znqxuxaulxswh5c0gk4cj8qw,Exit,560,83099907781773341674,10652990458,ibc/BE1BB42D4BE3C30D50B68D7C41DB4DFCE9678E8EF8C539F6E6A9345048894FCC,84691820,uosmo,0.0
4709272,0,osmo14am952nzggxntteuq5napl6e27kerx4hy6ezsy,Exit,560,13397992856156442664,1717545527,ibc/BE1BB42D4BE3C30D50B68D7C41DB4DFCE9678E8EF8C539F6E6A9345048894FCC,13654737,uosmo,5.0110580150706e+17
4709371,0,osmo16wu3f76vpc3dstcv8kl4d57xx45z8mmdffgt4t,Exit,560,4643842604325103609,595388193,ibc/BE1BB42D4BE3C30D50B68D7C41DB4DFCE9678E8EF8C539F6E6A9345048894FCC,4732242,uosmo,5.0110580150706e+17
4709421,0,osmo1xezn7jjvdrtpjafy9cwp7th4j6duaqu2utcelz,Exit,560,950853438093566178,121911483,ibc/BE1BB42D4BE3C30D50B68D7C41DB4DFCE9678E8EF8C539F6E6A9345048894FCC,968934,uosmo,5.0110580150706e+17
4710206,0,osmo1lj45kfahfsn896dyzge6833hly9qlpe6qyrdlr,Exit,560,6266806732450442691,804875416,ibc/BE1BB42D4BE3C30D50B68D7C41DB4DFCE9678E8EF8C539F6E6A9345048894FCC,6375011,uosmo,5.0110580150706e+17
4710244,0,osmo1zgp4dhwdg20amph0gwwp4f32rcsu24wmcxvq4g,Exit,560,54140553995600321440,6952975621,ibc/BE1BB42D4BE3C30D50B68D7C41DB4DFCE9678E8EF8C539F6E6A9345048894FCC,55079730,uosmo,5.0110580150706e+17
4710247,0,osmo12f6ae0wuf8g56r975mkxhp7x26flfpuhvdv9sx,Exit,560,4759609763786023884,611250683,ibc/BE1BB42D4BE3C30D50B68D7C41DB4DFCE9678E8EF8C539F6E6A9345048894FCC,4842174,uosmo,5.0110580150706e+17
4710335,0,osmo1aavlnvef7tw2a75s72uwyf67gvf5q8n579tduk,Exit,560,13332046112394553494,1712418967,ibc/BE1BB42D4BE3C30D50B68D7C41DB4DFCE9678E8EF8C539F6E6A9345048894FCC,13561284,uosmo,5.0110580150706e+17
4710370,0,osmo1aavlnvef7tw2a75s72uwyf67gvf5q8n579tduk,Exit,560,13332046112394553493,1712418967,ibc/BE1BB42D4BE3C30D50B68D7C41DB4DFCE9678E8EF8C539F6E6A9345048894FCC,13561284,uosmo,5.0110580150706e+17
4710636,0,osmo1vesuj4a0f7zfyngnq9pqjqta3gy9r5j45yz5rs,Exit,560,15025455013592550360,1936051442,ibc/BE1BB42D4BE3C30D50B68D7C41DB4DFCE9678E8EF8C539F6E6A9345048894FCC,15235618,uosmo,5.0110580150706e+17
4710671,0,osmo1wcmq5uc676lzleph9j68vwc28u33plw5grs69l,Exit,560,130068231054249402713,16757070866,ibc/BE1BB42D4BE3C30D50B68D7C41DB4DFCE9678E8EF8C539F6E6A9345048894FCC,131906503,uosmo,5.0110580150706e+17
4710971,0,osmo1u4ejhe4ak6gdx3ecl24vslc79wyu9zw98jqdf5,Exit,560,6515246776833485450,840291346,ibc/BE1BB42D4BE3C30D50B68D7C41DB4DFCE9678E8EF8C539F6E6A9345048894FCC,6600222,uosmo,5.0110580150706e+17
4711060,0,osmo19lzth5nagypjt879rf2spz3canv390ytzs98z7,Exit,560,147061857867612038166,19012012771,ibc/BE1BB42D4BE3C30D50B68D7C41DB4DFCE9678E8EF8C539F6E6A9345048894FCC,148628549,uosmo,5.0110580150706e+17
4711389,0,osmo1m4lknc9fmeduypt78fj7adyseauxz2qwyzuder,Exit,560,745339813103792149,96382774,ibc/BE1BB42D4BE3C30D50B68D7C41DB4DFCE9678E8EF8C539F6E6A9345048894FCC,753079,uosmo,5.0110580150706e+17
4711624,0,osmo19pa99uc974p5055sqezy2uk3prstwvrpu92upg,Exit,560,48847206766223912643,6321201083,ibc/BE1BB42D4BE3C30D50B68D7C41DB4DFCE9678E8EF8C539F6E6A9345048894FCC,49318875,uosmo,5.0110580150706e+17
4711765,0,osmo1vdheth60w3xcd3pdn9pcnqp6sutg49yud20uvq,Exit,560,4209308544388405727,544408462,ibc/BE1BB42D4BE3C30D50B68D7C41DB4DFCE9678E8EF8C539F6E6A9345048894FCC,4252367,uosmo,5.0110580150706e+17
4711803,0,osmo1fgsjcrrrpp260h72402nz6n46wt5kv5kj4v0hf,Exit,560,1796244648456569902,232206352,ibc/BE1BB42D4BE3C30D50B68D7C41DB4DFCE9678E8EF8C539F6E6A9345048894FCC,1815479,uosmo,5.0110580150706e+17
4712164,0,osmo10nd7malh7x22gjat32cl2qqdc82jk9m0h25kpz,Exit,560,12353412439053307207,1599594132,ibc/BE1BB42D4BE3C30D50B68D7C41DB4DFCE9678E8EF8C539F6E6A9345048894FCC,12465267,uosmo,5.0110580150706e+17
4712284,0,osmo15nrqqp9gcyvhpqxzd73awz4ad2qmt3qky20896,Exit,560,2078853461080700379,269191559,ibc/BE1BB42D4BE3C30D50B68D7C41DB4DFCE9678E8EF8C539F6E6A9345048894FCC,2097605,uosmo,5.0110580150706e+17
4712486,0,osmo1c3xhz65yh5qj78rp5tprkckdga263wfl7mmgp7,Exit,560,14831586360000997802,1920486392,ibc/BE1BB42D4BE3C30D50B68D7C41DB4DFCE9678E8EF8C539F6E6A9345048894FCC,14965893,uosmo,5.0110580150706e+17
4712847,0,osmo159n5q0sxvvgmty6q76kl286zv9hu5sajaqt9gq,Exit,560,67815414028438823094,8821442271,ibc/BE1BB42D4BE3C30D50B68D7C41DB4DFCE9678E8EF8C539F6E6A9345048894FCC,68118396,uosmo,5.0110580150706e+17
4707375,0,osmo10d65jzky0vhzhccdvv9yxew8rt7cnenheeg82a,Exit,561,14000920987598699400,4654424492,ibc/0EF15DF2F02480ADE0BB6E85D9EBB5DAEA2836D3860E9F97F9AADE4F57A31AA0,230299,uosmo,0.0
4707508,0,osmo1jxdx4nszha3hu2q49tylqasuc8tjct5wusueyr,Exit,561,10654601568117750937,3517658395,ibc/0EF15DF2F02480ADE0BB6E85D9EBB5DAEA2836D3860E9F97F9AADE4F57A31AA0,176524,uosmo,0.0
4707708,0,osmo10vwjpan37s9rcdrp6sy8jqfskhmw29yew5jp5m,Exit,561,110334648069471065096,36110117752,ibc/0EF15DF2F02480ADE0BB6E85D9EBB5DAEA2836D3860E9F97F9AADE4F57A31AA0,1844221,uosmo,0.0
4707794,0,osmo1yeenwv6s757f59076auzyuj70t470lkdgxlzqj,Exit,561,6400952933300278238,2111573915,ibc/0EF15DF2F02480ADE0BB6E85D9EBB5DAEA2836D3860E9F97F9AADE4F57A31AA0,106147,uosmo,0.0
4707805,0,osmo1yeenwv6s757f59076auzyuj70t470lkdgxlzqj,Exit,561,6400952933300278238,2113359656,ibc/0EF15DF2F02480ADE0BB6E85D9EBB5DAEA2836D3860E9F97F9AADE4F57A31AA0,106057,uosmo,0.0
4707839,0,osmo19465vhwp242pchpysajlc4gfxyqe24lsr6dc7e,Exit,561,11070622093484357322,3655034184,ibc/0EF15DF2F02480ADE0BB6E85D9EBB5DAEA2836D3860E9F97F9AADE4F57A31AA0,183433,uosmo,0.0
4707925,0,osmo1mt938sajcru8csempfsp02x480zdvh0upgyk8n,Exit,561,1227488690146237922,405287999,ibc/0EF15DF2F02480ADE0BB6E85D9EBB5DAEA2836D3860E9F97F9AADE4F57A31AA0,20337,uosmo,0.0
4708079,0,osmo1yee93psptznflm9x3sw6ccntn3537z8eznxjpq,Exit,561,29912998031584072889,9807267145,ibc/0EF15DF2F02480ADE0BB6E85D9EBB5DAEA2836D3860E9F97F9AADE4F57A31AA0,499128,uosmo,0.0
4708080,0,osmo1ncg4h3vhcdl5cx8xugee5x508glugww3cf259q,Exit,561,6096847341741002854,1996395267,ibc/0EF15DF2F02480ADE0BB6E85D9EBB5DAEA2836D3860E9F97F9AADE4F57A31AA0,101860,uosmo,0.0
4708130,0,osmo1mv3m6suzag4xeazt275x7seu2rngz73qxflaek,Exit,561,955180629161211480624,310784111158,ibc/0EF15DF2F02480ADE0BB6E85D9EBB5DAEA2836D3860E9F97F9AADE4F57A31AA0,16060724,uosmo,0.0
4708219,0,osmo16zkrgc5rex8hd9sdc4ztgcy0y5kkyeyel2uukj,Exit,561,258595621392749654906,83700123923,ibc/0EF15DF2F02480ADE0BB6E85D9EBB5DAEA2836D3860E9F97F9AADE4F57A31AA0,4371110,uosmo,0.0
4708281,0,osmo15f6nvuqsun8ky9tz57dhphleta68hu3pvq5hks,Exit,561,42970700076418143856,13973161037,ibc/0EF15DF2F02480ADE0BB6E85D9EBB5DAEA2836D3860E9F97F9AADE4F57A31AA0,722988,uosmo,0.0
4708341,0,osmo1yjwr499xz47fv658y5zgmql3t6ug9v63xumpap,Exit,561,41680080907594143420,13598541446,ibc/0EF15DF2F02480ADE0BB6E85D9EBB5DAEA2836D3860E9F97F9AADE4F57A31AA0,698958,uosmo,0.0
4708393,0,osmo1ckf85ghlu37xvmfkh8gjq72kh9dxnedytlus54,Exit,561,55221376185234770580,18016009967,ibc/0EF15DF2F02480ADE0BB6E85D9EBB5DAEA2836D3860E9F97F9AADE4F57A31AA0,926066,uosmo,0.0
4708468,0,osmo1ehrkglhhl90n7k2scweuu37c0zdtdm9wpx0hme,Exit,561,143599098660813205093,47018419651,ibc/0EF15DF2F02480ADE0BB6E85D9EBB5DAEA2836D3860E9F97F9AADE4F57A31AA0,2399551,uosmo,0.0
4708509,0,osmo1kw6ktgk0lc9z28yrqgshmlksm8cauemwtl98gl,Exit,561,205154146590666375939,67173274997,ibc/0EF15DF2F02480ADE0BB6E85D9EBB5DAEA2836D3860E9F97F9AADE4F57A31AA0,3428140,uosmo,0.0
4708539,0,osmo12q9a064xf5ueusfe269qdpfqxnzay7nt3yfxzt,Exit,561,134703147359147022816,44111583142,ibc/0EF15DF2F02480ADE0BB6E85D9EBB5DAEA2836D3860E9F97F9AADE4F57A31AA0,2250596,uosmo,0.0
4708736,0,osmo1rerntmwsm7rd52f9panpy38rm0ew5vf8w9w0fw,Exit,561,69521955491822997012,22696664383,ibc/0EF15DF2F02480ADE0BB6E85D9EBB5DAEA2836D3860E9F97F9AADE4F57A31AA0,1165149,uosmo,0.0
4708746,0,osmo1zg4cwm5j3keugcmprr9j67433kn9m46tp7p7x4,Exit,561,60685432439785970,19806251,ibc/0EF15DF2F02480ADE0BB6E85D9EBB5DAEA2836D3860E9F97F9AADE4F57A31AA0,1016,uosmo,0.0
4708826,0,osmo18794fh266shxqv656y8w3c47e88ngpj0rddtpn,Exit,561,319682378209982336195,104595046747,ibc/0EF15DF2F02480ADE0BB6E85D9EBB5DAEA2836D3860E9F97F9AADE4F57A31AA0,5346012,uosmo,0.0
4708836,0,osmo1dnnl0pj4pruwlkkp6gsguhfh88e492jgfxj4mq,Exit,561,1076233986559960716,350419362,ibc/0EF15DF2F02480ADE0BB6E85D9EBB5DAEA2836D3860E9F97F9AADE4F57A31AA0,18085,uosmo,0.0
4708921,0,osmo1tf0umnrnxh97sqvfd4dy30hqm8pl2g3458vs2d,Exit,561,1521645015703347886,496587669,ibc/0EF15DF2F02480ADE0BB6E85D9EBB5DAEA2836D3860E9F97F9AADE4F57A31AA0,25511,uosmo,0.0
4708930,0,osmo10ypr45zpg9v5t0wv32uv9fgkzyxrwla8gufsc0,Exit,561,4127366859451471329,1346962970,ibc/0EF15DF2F02480ADE0BB6E85D9EBB5DAEA2836D3860E9F97F9AADE4F57A31AA0,69200,uosmo,0.0
4708990,0,osmo10ntzdf5syg2ema257j4pmyx05jlvdvsvkp5d4p,Exit,561,81021635946144527839,26463956936,ibc/0EF15DF2F02480ADE0BB6E85D9EBB5DAEA2836D3860E9F97F9AADE4F57A31AA0,1357274,uosmo,0.0
4709105,0,osmo1nu0m3gdx79yea4tmykl3zjhq9devg6hxh84rsp,Exit,561,205584028674981186,67074222,ibc/0EF15DF2F02480ADE0BB6E85D9EBB5DAEA2836D3860E9F97F9AADE4F57A31AA0,3447,uosmo,0.0
4709126,0,osmo1adn2uwpw7cz2lkxf2rlrenq0cyyz50umtpwtjt,Exit,561,1131447723497773591,369290298,ibc/0EF15DF2F02480ADE0BB6E85D9EBB5DAEA2836D3860E9F97F9AADE4F57A31AA0,18967,uosmo,0.0
4709377,0,osmo1fp285s3y7jc9umuusplxnehyn3rc5dkvxf6kag,Exit,561,4177015399062883561,1368131047,ibc/0EF15DF2F02480ADE0BB6E85D9EBB5DAEA2836D3860E9F97F9AADE4F57A31AA0,69783,uosmo,0.0
4709462,0,osmo15w8t735t0jx8j8egswuu0f5gqc5nrxe57t8f7t,Exit,561,5192840369765941890,1689979841,ibc/0EF15DF2F02480ADE0BB6E85D9EBB5DAEA2836D3860E9F97F9AADE4F57A31AA0,87317,uosmo,0.0
4709633,0,osmo1ymeuf4ra7fx85t272e0jt9zn034vtfqtq3tgrp,Exit,561,472390862692448267037,159710238086,ibc/0EF15DF2F02480ADE0BB6E85D9EBB5DAEA2836D3860E9F97F9AADE4F57A31AA0,7647130,uosmo,0.0
4709948,0,osmo143n3vrwyyha92p3spxe80wqwplec3p3mvl0s5t,Exit,561,715401094208267444,234196606,ibc/0EF15DF2F02480ADE0BB6E85D9EBB5DAEA2836D3860E9F97F9AADE4F57A31AA0,11961,uosmo,0.0
4710139,0,osmo1f9z2cruax0n5dy0typt3sy7aj6cm0tcsqfdkp8,Exit,561,225854401991710755425,75113873401,ibc/0EF15DF2F02480ADE0BB6E85D9EBB5DAEA2836D3860E9F97F9AADE4F57A31AA0,3717454,uosmo,0.0
4710143,0,osmo1f9z2cruax0n5dy0typt3sy7aj6cm0tcsqfdkp8,Exit,561,112927200995855377713,37660990567,ibc/0EF15DF2F02480ADE0BB6E85D9EBB5DAEA2836D3860E9F97F9AADE4F57A31AA0,1853606,uosmo,0.0
4710147,0,osmo1f9z2cruax0n5dy0typt3sy7aj6cm0tcsqfdkp8,Exit,561,56463600497927688856,18869747744,ibc/0EF15DF2F02480ADE0BB6E85D9EBB5DAEA2836D3860E9F97F9AADE4F57A31AA0,924884,uosmo,0.0
4710151,0,osmo1f9z2cruax0n5dy0typt3sy7aj6cm0tcsqfdkp8,Exit,561,56463600497927688856,18918113555,ibc/0EF15DF2F02480ADE0BB6E85D9EBB5DAEA2836D3860E9F97F9AADE4F57A31AA0,922527,uosmo,0.0
4710159,0,osmo1lytkaq224pneqhqj5em70tkldrz76st8grxa5j,Exit,561,16709521436466380264,5618498886,ibc/0EF15DF2F02480ADE0BB6E85D9EBB5DAEA2836D3860E9F97F9AADE4F57A31AA0,272041,uosmo,0.0
4710304,0,osmo1h46zkhv82yzvgea0mwcavdxt9ljq63g5fupqww,Exit,561,1850579630156175523,621468245,ibc/0EF15DF2F02480ADE0BB6E85D9EBB5DAEA2836D3860E9F97F9AADE4F57A31AA0,30170,uosmo,0.0
4710340,0,osmo1aavlnvef7tw2a75s72uwyf67gvf5q8n579tduk,Exit,561,52844838020322689016,17737319316,ibc/0EF15DF2F02480ADE0BB6E85D9EBB5DAEA2836D3860E9F97F9AADE4F57A31AA0,861996,uosmo,0.0
4710401,0,osmo1cne4xcmrkr0paypwc3m99r3cf9qwsf9xe25pfg,Exit,561,27338265479060456211,9176062649,ibc/0EF15DF2F02480ADE0BB6E85D9EBB5DAEA2836D3860E9F97F9AADE4F57A31AA0,445936,uosmo,0.0
4710414,0,osmo1ed0hmq97ew4a40gpa4nprnmh5kd7vsss2r9rwv,Exit,561,6588999214246347698,2212792073,ibc/0EF15DF2F02480ADE0BB6E85D9EBB5DAEA2836D3860E9F97F9AADE4F57A31AA0,107419,uosmo,0.0
4710422,0,osmo19w5sdfk54zsd665fqghd3n70e02d2yqs7zhqad,Exit,561,158987650348541913555,53393026934,ibc/0EF15DF2F02480ADE0BB6E85D9EBB5DAEA2836D3860E9F97F9AADE4F57A31AA0,2591978,uosmo,0.0
4710508,0,osmo17ghzeqx3vklq5au3p82htwcahayfq3lvulky5p,Exit,561,258377616340327881219,86441215007,ibc/0EF15DF2F02480ADE0BB6E85D9EBB5DAEA2836D3860E9F97F9AADE4F57A31AA0,4228459,uosmo,0.0
4710588,0,osmo169dyuflks6lwevmr0vm4nzff5ec4nxk57hpgzc,Exit,561,332519061385632832736,122045800591,ibc/0EF15DF2F02480ADE0BB6E85D9EBB5DAEA2836D3860E9F97F9AADE4F57A31AA0,4962747,uosmo,0.0
4711024,0,osmo1vm8fsl3srta40w82fsanu87cfed6jg2xcj0nk0,Exit,561,12492862456241121590,4501855176,ibc/0EF15DF2F02480ADE0BB6E85D9EBB5DAEA2836D3860E9F97F9AADE4F57A31AA0,190152,uosmo,0.0
4711054,0,osmo19lzth5nagypjt879rf2spz3canv390ytzs98z7,Exit,561,27076089813917011900,9428749218,ibc/0EF15DF2F02480ADE0BB6E85D9EBB5DAEA2836D3860E9F97F9AADE4F57A31AA0,426519,uosmo,0.0
4711770,0,osmo1vdheth60w3xcd3pdn9pcnqp6sutg49yud20uvq,Exit,561,3216053672908625437,1125891800,ibc/0EF15DF2F02480ADE0BB6E85D9EBB5DAEA2836D3860E9F97F9AADE4F57A31AA0,50444,uosmo,0.0
4711810,0,osmo1fgsjcrrrpp260h72402nz6n46wt5kv5kj4v0hf,Exit,561,1802028819700704361,628086864,ibc/0EF15DF2F02480ADE0BB6E85D9EBB5DAEA2836D3860E9F97F9AADE4F57A31AA0,28391,uosmo,0.0
4712143,0,osmo1m5rwy9p40m7wsgyg07x5t9yjauh6yhf74p4ukc,Exit,561,122624518319640362,44037408,ibc/0EF15DF2F02480ADE0BB6E85D9EBB5DAEA2836D3860E9F97F9AADE4F57A31AA0,1874,uosmo,0.0
4712155,0,osmo1wte5afkekp5g0aq8fjjmlfnax3eqr2u6ll8lq2,Exit,561,127809013945985401193,45749127992,ibc/0EF15DF2F02480ADE0BB6E85D9EBB5DAEA2836D3860E9F97F9AADE4F57A31AA0,1961478,uosmo,0.0
4712205,0,osmo12s6hx9j7f8lazzhv3cps2l57rhkae0llqk0lcv,Exit,561,761018019727731,274837,ibc/0EF15DF2F02480ADE0BB6E85D9EBB5DAEA2836D3860E9F97F9AADE4F57A31AA0,10,uosmo,0.0
4712390,0,osmo1cww8ylq7ge7ps8776qvugasd6yks3c7u6wqyht,Exit,561,52349051312154575092,18822767641,ibc/0EF15DF2F02480ADE0BB6E85D9EBB5DAEA2836D3860E9F97F9AADE4F57A31AA0,799859,uosmo,0.0
4707951,0,osmo1h6f2hlr58xjp9uxn7mev398nzkxqx6f608qu3n,Exit,562,3713730666130231656752,32795608627,ibc/0EF15DF2F02480ADE0BB6E85D9EBB5DAEA2836D3860E9F97F9AADE4F57A31AA0,206833479,ibc/BE1BB42D4BE3C30D50B68D7C41DB4DFCE9678E8EF8C539F6E6A9345048894FCC,0.0
4708608,0,osmo1gmsxq4f2wjn80f2ywmz37zejkkru6zwsyjp3hu,Exit,562,2067788742873947929134,18080113980,ibc/0EF15DF2F02480ADE0BB6E85D9EBB5DAEA2836D3860E9F97F9AADE4F57A31AA0,116335907,ibc/BE1BB42D4BE3C30D50B68D7C41DB4DFCE9678E8EF8C539F6E6A9345048894FCC,0.0
4709471,0,osmo15w8t735t0jx8j8egswuu0f5gqc5nrxe57t8f7t,Exit,562,104797352793480295394,915265740,ibc/0EF15DF2F02480ADE0BB6E85D9EBB5DAEA2836D3860E9F97F9AADE4F57A31AA0,5903288,ibc/BE1BB42D4BE3C30D50B68D7C41DB4DFCE9678E8EF8C539F6E6A9345048894FCC,0.0
4709779,0,osmo1mfk3gkd6y5hg92382vj8mfnff5cuypyhd9c0s6,Exit,562,108977808120110168383,963530962,ibc/0EF15DF2F02480ADE0BB6E85D9EBB5DAEA2836D3860E9F97F9AADE4F57A31AA0,6065488,ibc/BE1BB42D4BE3C30D50B68D7C41DB4DFCE9678E8EF8C539F6E6A9345048894FCC,0.0
4707885,0,osmo193zm70nnms89ngyrecaah3qpylncjzwmt8lmlj,Exit,565,3406458727188147341,44377840909,ibc/0EF15DF2F02480ADE0BB6E85D9EBB5DAEA2836D3860E9F97F9AADE4F57A31AA0,286554,ibc/27394FB092D2ECCD56123C74F36E4C1F926001CEADA9CA97EA622B25F41E5EB2,0.0
4709771,0,osmo1mfk3gkd6y5hg92382vj8mfnff5cuypyhd9c0s6,Exit,567,4250337300582358007,2801904,ibc/5973C068568365FFF40DEDCF1A1CB7582B6116B731CD31A12231AE25E20B871F,309728724,ibc/BE1BB42D4BE3C30D50B68D7C41DB4DFCE9678E8EF8C539F6E6A9345048894FCC,0.0
4711551,0,osmo1wfyaqhxsczc4mlgk54trxznmqkld09p79phzqn,Exit,571,239010540428266500,1440096700,ibc/D805F1DA50D31B96E4282C1D4181EDDFB1A44A598BFF5666F4B43E4B8BEA95A5,17947745,uosmo,0.0
4708123,0,osmo1w7wl545shmmlwwqhdwcju7er45nadq4cuu5l5w,Exit,573,558966814929619762,1141858251,ibc/4E5444C35610CC76FC94E7F7886B93121175C28262DDFDDE6F84E82BF2425452,16509054,uosmo,9.297295819013346e+16
4712079,0,osmo1wzxl30tcjcn5783jp2vce6e52cv4ry0zp3fzyz,Exit,573,136345884678361255,277809812,ibc/4E5444C35610CC76FC94E7F7886B93121175C28262DDFDDE6F84E82BF2425452,4037394,uosmo,1.0797061489921227e+17
4711562,0,osmo1wfyaqhxsczc4mlgk54trxznmqkld09p79phzqn,Exit,574,3281038941633029408,3491206,ibc/27394FB092D2ECCD56123C74F36E4C1F926001CEADA9CA97EA622B25F41E5EB2,1894909355,ibc/4E5444C35610CC76FC94E7F7886B93121175C28262DDFDDE6F84E82BF2425452,1042420000000000.0
4711569,0,osmo1wfyaqhxsczc4mlgk54trxznmqkld09p79phzqn,Exit,574,1640519470816514704,1745602,ibc/27394FB092D2ECCD56123C74F36E4C1F926001CEADA9CA97EA622B25F41E5EB2,947454677,ibc/4E5444C35610CC76FC94E7F7886B93121175C28262DDFDDE6F84E82BF2425452,1042420000000000.0
4712498,0,osmo1c3xhz65yh5qj78rp5tprkckdga263wfl7mmgp7,Exit,574,7263540801498508518,7702140,ibc/27394FB092D2ECCD56123C74F36E4C1F926001CEADA9CA97EA622B25F41E5EB2,4209506805,ibc/4E5444C35610CC76FC94E7F7886B93121175C28262DDFDDE6F84E82BF2425452,1042420000000000.0
4712500,0,osmo1c3xhz65yh5qj78rp5tprkckdga263wfl7mmgp7,Exit,574,2421180267166169506,2566463,ibc/27394FB092D2ECCD56123C74F36E4C1F926001CEADA9CA97EA622B25F41E5EB2,1403671707,ibc/4E5444C35610CC76FC94E7F7886B93121175C28262DDFDDE6F84E82BF2425452,1042420000000000.0
4708076,0,osmo18v85clkgwzvuugp03xf4e4etl5qqqtc7mxzv56,Exit,577,65646996760478816,178963711,ibc/B547DC9B897E7C3AA5B824696110B8E3D2C31E3ED3F02FF363DCBAD82457E07E,13363940,uosmo,2.1657749765829e+16
4708044,0,osmo1ylx685geysj7776236nlkcjhkcq0xvrp26y4pa,Exit,578,31383388988615269,18476107,ibc/B547DC9B897E7C3AA5B824696110B8E3D2C31E3ED3F02FF363DCBAD82457E07E,173736993,ibc/BE1BB42D4BE3C30D50B68D7C41DB4DFCE9678E8EF8C539F6E6A9345048894FCC,3.109410676575787e+18
4710166,0,osmo1lytkaq224pneqhqj5em70tkldrz76st8grxa5j,Exit,584,2423921296175633880,20373639,ibc/0954E1C28EB7AF5B72D24F3BC2B47BBB2FDF91BDDFD57B74B99E133AED40972A,22994232,uosmo,2.571269587630824e+18
4710197,0,osmo1lytkaq224pneqhqj5em70tkldrz76st8grxa5j,Exit,584,2423921296175633880,20373538,ibc/0954E1C28EB7AF5B72D24F3BC2B47BBB2FDF91BDDFD57B74B99E133AED40972A,22994345,uosmo,2.571269587630824e+18
4711579,0,osmo13f0eg9yxkckz45fw0dsaxzejpldld6vpmmp7j7,Exit,584,12025682678040522930,101516798,ibc/0954E1C28EB7AF5B72D24F3BC2B47BBB2FDF91BDDFD57B74B99E133AED40972A,113585916,uosmo,1.1541488941553097e+19
4708762,0,osmo1gqylk9jknp043qd79thldxalz6vhnr4txtn7u4,Exit,585,5704965948906520091,15873468,ibc/0954E1C28EB7AF5B72D24F3BC2B47BBB2FDF91BDDFD57B74B99E133AED40972A,2310941,ibc/27394FB092D2ECCD56123C74F36E4C1F926001CEADA9CA97EA622B25F41E5EB2,3.3859684908146913e+18
4711590,0,osmo1wfyaqhxsczc4mlgk54trxznmqkld09p79phzqn,Exit,585,48330577015845488237,136401007,ibc/0954E1C28EB7AF5B72D24F3BC2B47BBB2FDF91BDDFD57B74B99E133AED40972A,19303530,ibc/27394FB092D2ECCD56123C74F36E4C1F926001CEADA9CA97EA622B25F41E5EB2,3.442311646832937e+18
4712048,0,osmo15ez8twgazsgytavyyffzrwafujng0yczvsmedk,Exit,585,19644302977658957236,55427606,ibc/0954E1C28EB7AF5B72D24F3BC2B47BBB2FDF91BDDFD57B74B99E133AED40972A,7847645,ibc/27394FB092D2ECCD56123C74F36E4C1F926001CEADA9CA97EA622B25F41E5EB2,1.3446406428271438e+19
4712884,0,osmo1rejv949h6k78u7fyeudv3lqgveqpfr0du2nwlq,Exit,585,8003371312627976494,22699599,ibc/0954E1C28EB7AF5B72D24F3BC2B47BBB2FDF91BDDFD57B74B99E133AED40972A,3180807,ibc/27394FB092D2ECCD56123C74F36E4C1F926001CEADA9CA97EA622B25F41E5EB2,1.3446406428271438e+19
4712471,0,osmo1y8djj550x4u3cf48kh9nd486hpps4rjkf7jpyl,Exit,587,1397209346559896886,240818346,ibc/27394FB092D2ECCD56123C74F36E4C1F926001CEADA9CA97EA622B25F41E5EB2,77848893676,ibc/3BCCC93AD5DF58D11A6F8A05FA8BC801CBA0BA61A981F57E91B8B598BF8061CB,0.0
4710510,0,osmo1s0d4ql3n32ldymzsgxuzymwk728r4jwqlp2jt8,Exit,592,1583438145929980328,128404383,ibc/4E5444C35610CC76FC94E7F7886B93121175C28262DDFDDE6F84E82BF2425452,234925178,ibc/BE1BB42D4BE3C30D50B68D7C41DB4DFCE9678E8EF8C539F6E6A9345048894FCC,0.0
4708331,0,osmo1k09afxhedzgrkn60rrnpa0u66yv3vz7yd6e34s,Exit,596,3381224055491487211,108103,ibc/27394FB092D2ECCD56123C74F36E4C1F926001CEADA9CA97EA622B25F41E5EB2,42652200,ibc/FE2CD1E6828EC0FAB8AF39BAC45BC25B965BA67CCBC50C13A14BD610B0D1E2C4,0.0
4711738,0,osmo1yh0zg7uy6sadnnh3357p87azgve72x4djsj9f4,Exit,597,54083755452670978,554250,ibc/FE2CD1E6828EC0FAB8AF39BAC45BC25B965BA67CCBC50C13A14BD610B0D1E2C4,11048,uosmo,4.797617051572098e+19
4707826,0,osmo10szx4rjj949na2ajsyfclzmje44pwqd3v7k0c0,Exit,600,133204046385999,205008,ibc/27394FB092D2ECCD56123C74F36E4C1F926001CEADA9CA97EA622B25F41E5EB2,5515527,ibc/EA3E1640F9B1532AB129A571203A0B9F789A7F14BB66E350DCBFA18E1A1931F0,0.0
4708049,0,osmo1nvn4sfc3r2d69c7v0j9v7ak87xepz9q59a6ug0,Exit,600,14090110938986713,21643874,ibc/27394FB092D2ECCD56123C74F36E4C1F926001CEADA9CA97EA622B25F41E5EB2,584550750,ibc/EA3E1640F9B1532AB129A571203A0B9F789A7F14BB66E350DCBFA18E1A1931F0,0.0
4710204,0,osmo1dqgam0gwfegzlz37cpdd6plr49dtkus9s5ak9u,Exit,600,3428342760465831,5313941,ibc/27394FB092D2ECCD56123C74F36E4C1F926001CEADA9CA97EA622B25F41E5EB2,140959851,ibc/EA3E1640F9B1532AB129A571203A0B9F789A7F14BB66E350DCBFA18E1A1931F0,5907530101027833.0
4711575,0,osmo1wfyaqhxsczc4mlgk54trxznmqkld09p79phzqn,Exit,600,16861596751775284,26044040,ibc/27394FB092D2ECCD56123C74F36E4C1F926001CEADA9CA97EA622B25F41E5EB2,695727332,ibc/EA3E1640F9B1532AB129A571203A0B9F789A7F14BB66E350DCBFA18E1A1931F0,6304852786077672.0
4708094,0,osmo18v85clkgwzvuugp03xf4e4etl5qqqtc7mxzv56,Exit,601,995463298885343239,71951172,ibc/EA3E1640F9B1532AB129A571203A0B9F789A7F14BB66E350DCBFA18E1A1931F0,20715846,uosmo,2.5285751012295834e+18
4708955,0,osmo139cx4kcvepcc3krw5wvrde5pheax4jzstu3tal,Exit,601,99273545347752735,7159354,ibc/EA3E1640F9B1532AB129A571203A0B9F789A7F14BB66E350DCBFA18E1A1931F0,2070157,uosmo,1.1289736121783267e+19
4710243,0,osmo1h5jr4w7vj5m0cxemwhtnhn33vckrdnw9wdw4wn,Exit,601,10372974176913951470,741677761,ibc/EA3E1640F9B1532AB129A571203A0B9F789A7F14BB66E350DCBFA18E1A1931F0,218149339,uosmo,1.8175201411258302e+19
4710525,0,osmo1577mlcp0lzk79hv2j7a2feq88a60h89gyuazaw,Exit,601,70616847746753391,5041933,ibc/EA3E1640F9B1532AB129A571203A0B9F789A7F14BB66E350DCBFA18E1A1931F0,1487252,uosmo,1.821979071006309e+19
4710191,0,osmo1r943fkjkccw85rsnvvvm3q3f2svauvlzczc755,Exit,602,165714767512551032,72235854899,ibc/7A08C6F11EF0F59EB841B9F788A87EC9F2361C7D9703157EC13D940DC53031FA,2498426,uosmo,9726288517532036.0
4707762,0,osmo1cxzatzvlssxw26q3dpav6efe3rlg6r8zcjlwee,Exit,604,2.48448E+15,497433674,ibc/987C17B11ABC2B20019178ACE62929FE9840202CE79498E29FE8E5CB02B7C0A4,13958222,uosmo,5203969445294601.0
4708086,0,osmo1yee93psptznflm9x3sw6ccntn3537z8eznxjpq,Exit,604,10659042481042507,2133261394,ibc/987C17B11ABC2B20019178ACE62929FE9840202CE79498E29FE8E5CB02B7C0A4,59907176,uosmo,1.3223985766022172e+16
4708120,0,osmo18v85clkgwzvuugp03xf4e4etl5qqqtc7mxzv56,Exit,604,6.39082E+15,1279069069,ibc/987C17B11ABC2B20019178ACE62929FE9840202CE79498E29FE8E5CB02B7C0A4,35917502,uosmo,1.333152302538008e+16
4708731,0,osmo1x6gvw82e27x6jkxmh8jlelmj4gn6mwlpsxmfha,Exit,604,13273006913052642,2655260790,ibc/987C17B11ABC2B20019178ACE62929FE9840202CE79498E29FE8E5CB02B7C0A4,74629620,uosmo,1.9996477427532892e+16
4708780,0,osmo18qp6u0mvs7ac89gkn6r5j5jqu90zp74ym9hz5v,Exit,604,3869265542128574,774054430,ibc/987C17B11ABC2B20019178ACE62929FE9840202CE79498E29FE8E5CB02B7C0A4,21755244,uosmo,2.112539035690865e+16
4708848,0,osmo1xcquwffc0efn34pazvlsrasvnu5ctunk2ph85y,Exit,604,8960883893515917,1792555210,ibc/987C17B11ABC2B20019178ACE62929FE9840202CE79498E29FE8E5CB02B7C0A4,50385590,uosmo,2.219136496843228e+16
4708963,0,osmo139cx4kcvepcc3krw5wvrde5pheax4jzstu3tal,Exit,604,1431432629767615,286146138,ibc/987C17B11ABC2B20019178ACE62929FE9840202CE79498E29FE8E5CB02B7C0A4,8054377,uosmo,2.2338262876876404e+16
4710170,0,osmo1lytkaq224pneqhqj5em70tkldrz76st8grxa5j,Exit,604,812140373521285,162149682,ibc/987C17B11ABC2B20019178ACE62929FE9840202CE79498E29FE8E5CB02B7C0A4,4575076,uosmo,4.55910327283137e+16
4710432,0,osmo1ed0hmq97ew4a40gpa4nprnmh5kd7vsss2r9rwv,Exit,604,2795514946998775,557743850,ibc/987C17B11ABC2B20019178ACE62929FE9840202CE79498E29FE8E5CB02B7C0A4,15759432,uosmo,4.685733608486478e+16
4710437,0,osmo1ed0hmq97ew4a40gpa4nprnmh5kd7vsss2r9rwv,Exit,604,2795514946998775,557741277,ibc/987C17B11ABC2B20019178ACE62929FE9840202CE79498E29FE8E5CB02B7C0A4,15759506,uosmo,4.6881770483077224e+16
4710681,0,osmo1wcmq5uc676lzleph9j68vwc28u33plw5grs69l,Exit,604,30709926667770243,6129234922,ibc/987C17B11ABC2B20019178ACE62929FE9840202CE79498E29FE8E5CB02B7C0A4,173062812,uosmo,4.740657236692497e+16
4712222,0,osmo1kwsx8mwpp8r580xdxv26u6rqtz8kgtgrgcfgaf,Exit,604,1358117482769025,270809283,ibc/987C17B11ABC2B20019178ACE62929FE9840202CE79498E29FE8E5CB02B7C0A4,7660549,uosmo,5.303829725047206e+16
4712271,0,osmo1qx46s5gen6c88yaauh9jfttmfgdxnxxsckx0ce,Exit,604,2022310763142503,403313887,ibc/987C17B11ABC2B20019178ACE62929FE9840202CE79498E29FE8E5CB02B7C0A4,11405169,uosmo,5.303829725047206e+16
4712777,0,osmo1452urgytnkfkt2exn987ya04qy8rgm54wel7qp,Exit,604,22730999234281,4517727,ibc/987C17B11ABC2B20019178ACE62929FE9840202CE79498E29FE8E5CB02B7C0A4,128637,uosmo,5.335834861857344e+16
4707564,0,osmo1usckzz6h4fkcknv4nkr2apqs4c4fwzc58gjek8,Exit,605,27516196871722218251638,148194996152,ibc/B9E0A1A524E98BB407D3CED8720EFEFD186002F90C1B1B7964811DD0CCC12228,6044807,uosmo,0.0
4709303,0,osmo1dfwm8kvaq330nzpml86hex6wy8qjm9cc9vfznw,Exit,605,3605183614947059344144,19414951178,ibc/B9E0A1A524E98BB407D3CED8720EFEFD186002F90C1B1B7964811DD0CCC12228,792023,uosmo,4.742142522936706e+22
4709442,0,osmo1t5d7cje9jlg46mkeplgu3lt4fxq8u4mtyehqz4,Exit,605,3480026542723510565769,18734975238,ibc/B9E0A1A524E98BB407D3CED8720EFEFD186002F90C1B1B7964811DD0CCC12228,764751,uosmo,7.069259077092006e+22
4709532,0,osmo1x6tw4glku3akevllsayxu4r4qeu9utcpun8xuc,Exit,606,2381724042503980451509,103370,ibc/27394FB092D2ECCD56123C74F36E4C1F926001CEADA9CA97EA622B25F41E5EB2,19822455315,ibc/B9E0A1A524E98BB407D3CED8720EFEFD186002F90C1B1B7964811DD0CCC12228,2.2116334955291688e+22
4710174,0,osmo1lytkaq224pneqhqj5em70tkldrz76st8grxa5j,Exit,606,4188945701539296606447,181740,ibc/27394FB092D2ECCD56123C74F36E4C1F926001CEADA9CA97EA622B25F41E5EB2,34876169921,ibc/B9E0A1A524E98BB407D3CED8720EFEFD186002F90C1B1B7964811DD0CCC12228,2.2116334955291688e+22
4710305,0,osmo1zmsts6u08t2fp02vs7xpe7csx6hqv0hdmshaz7,Exit,606,4362790479503309564578,189363,ibc/27394FB092D2ECCD56123C74F36E4C1F926001CEADA9CA97EA622B25F41E5EB2,36308276950,ibc/B9E0A1A524E98BB407D3CED8720EFEFD186002F90C1B1B7964811DD0CCC12228,2.2116334955291688e+22
4711580,0,osmo1wfyaqhxsczc4mlgk54trxznmqkld09p79phzqn,Exit,606,30847591458274630157603,1335510,ibc/27394FB092D2ECCD56123C74F36E4C1F926001CEADA9CA97EA622B25F41E5EB2,257379497559,ibc/B9E0A1A524E98BB407D3CED8720EFEFD186002F90C1B1B7964811DD0CCC12228,2.221309349748925e+22
4709972,0,osmo1l0q6w9gemqhaml8e2s9ptw4su4svweaxjjl6jg,Exit,608,24915843699778,46130797,ibc/8A34AF0C1943FD0DFCDE9ADBF0B2C9959C45E87E6088EA2FC6ADACD59261B8A2,55796,uosmo,0.0
4710196,0,osmo1r943fkjkccw85rsnvvvm3q3f2svauvlzczc755,Exit,608,377253971877497,698472619,ibc/8A34AF0C1943FD0DFCDE9ADBF0B2C9959C45E87E6088EA2FC6ADACD59261B8A2,844818,uosmo,0.0
4712282,0,osmo1qx46s5gen6c88yaauh9jfttmfgdxnxxsckx0ce,Exit,608,214343024576287,396775031,ibc/8A34AF0C1943FD0DFCDE9ADBF0B2C9959C45E87E6088EA2FC6ADACD59261B8A2,480114,uosmo,0.0
4708112,0,osmo18v85clkgwzvuugp03xf4e4etl5qqqtc7mxzv56,Exit,611,50865054954450708182,4096583,ibc/27394FB092D2ECCD56123C74F36E4C1F926001CEADA9CA97EA622B25F41E5EB2,1134428264,ibc/987C17B11ABC2B20019178ACE62929FE9840202CE79498E29FE8E5CB02B7C0A4,1.159286961167375e+18
4709091,0,osmo1slvy9lupfute6sz05jp76xly6xavs04hcxylu9,Exit,611,52057684761006542824,4181747,ibc/27394FB092D2ECCD56123C74F36E4C1F926001CEADA9CA97EA622B25F41E5EB2,1164041713,ibc/987C17B11ABC2B20019178ACE62929FE9840202CE79498E29FE8E5CB02B7C0A4,4.13008427896332e+19
4709431,0,osmo1yte9x7rytzch3yrgyvhnc99m5ga4rrfsx3yyc8,Exit,611,275892271259848010998,22170113,ibc/27394FB092D2ECCD56123C74F36E4C1F926001CEADA9CA97EA622B25F41E5EB2,6166921314,ibc/987C17B11ABC2B20019178ACE62929FE9840202CE79498E29FE8E5CB02B7C0A4,4.623749384402178e+19
4710182,0,osmo1lytkaq224pneqhqj5em70tkldrz76st8grxa5j,Exit,611,5173614748708136001,416949,ibc/27394FB092D2ECCD56123C74F36E4C1F926001CEADA9CA97EA622B25F41E5EB2,115303816,ibc/987C17B11ABC2B20019178ACE62929FE9840202CE79498E29FE8E5CB02B7C0A4,1.1172363798141777e+20
4711870,0,osmo13shd9qcuycllwwfplzy5sagvjw3dn5vkchma9h,Exit,611,424154231850549211080,33991259,ibc/27394FB092D2ECCD56123C74F36E4C1F926001CEADA9CA97EA622B25F41E5EB2,9506509412,ibc/987C17B11ABC2B20019178ACE62929FE9840202CE79498E29FE8E5CB02B7C0A4,1.4434700413922019e+20
4712274,0,osmo1qx46s5gen6c88yaauh9jfttmfgdxnxxsckx0ce,Exit,611,22562055178102414776,1806311,ibc/27394FB092D2ECCD56123C74F36E4C1F926001CEADA9CA97EA622B25F41E5EB2,506144821,ibc/987C17B11ABC2B20019178ACE62929FE9840202CE79498E29FE8E5CB02B7C0A4,2.301292543493024e+20
4709657,0,osmo1qnqwxazzha6lsx2rs2gewu2337uha5lz5uf2yt,Exit,616,186795127689500,6312,ibc/27394FB092D2ECCD56123C74F36E4C1F926001CEADA9CA97EA622B25F41E5EB2,40818371,ibc/8A34AF0C1943FD0DFCDE9ADBF0B2C9959C45E87E6088EA2FC6ADACD59261B8A2,0.0
4709297,0,osmo1qp749jf5nf8cgs374prymzsm8pl8xjgafjkpqd,Exit,619,167529305034003857515,2865310339,ibc/EA4C0A9F72E2CEDF10D0E7A9A6A22954DB3444910DB5BE980DF59B05A46DAD1C,52784859,uosmo,7.929740750985806e+18
4712280,0,osmo1qx46s5gen6c88yaauh9jfttmfgdxnxxsckx0ce,Exit,619,10471125690192419615,179675396,ibc/EA4C0A9F72E2CEDF10D0E7A9A6A22954DB3444910DB5BE980DF59B05A46DAD1C,3288483,uosmo,1.6568212046895567e+19
4709467,0,osmo1uryp8xxqhfhf2sd40usud4kz4gx9jn4ftnsvg5,Exit,625,23478663656987797484180,2903138647,ibc/E97634A40119F1898989C2A23224ED83FDD0A57EA46B3A094E287288D1672B44,31475224,uosmo,1.5274138782181774e+21
4710467,0,osmo1xmrctxvjv5nfk5n7vl4jlghgve8us0quhydnh6,Exit,625,2019703809846358852352,249860347,ibc/E97634A40119F1898989C2A23224ED83FDD0A57EA46B3A094E287288D1672B44,2705224,uosmo,2.6783613575513573e+22
4708146,0,osmo1kr29ydcuescpfp6gvx2yxtlzelje30g4tzgr86,Exit,627,26379901167499346219,55218245,ibc/9BBA9A1C257E971E38C1422780CE6F0B0686F0A3085E2D61118D904BFE0F5F5E,23817699,uosmo,0.0
4708845,0,osmo1vaysxz87gfl0wm6n5rvy7ec6qm73rep79cn8g6,Exit,627,45006822180469886502,94215856,ibc/9BBA9A1C257E971E38C1422780CE6F0B0686F0A3085E2D61118D904BFE0F5F5E,40632081,uosmo,0.0
4708856,0,osmo1xcquwffc0efn34pazvlsrasvnu5ctunk2ph85y,Exit,627,2469737308518766276,5170069,ibc/9BBA9A1C257E971E38C1422780CE6F0B0686F0A3085E2D61118D904BFE0F5F5E,2229673,uosmo,0.0
4709010,0,osmo1e7s48qmts89x6k243uu8n3rsha99qqutkjcgzw,Exit,627,95836448702898547339,200620989,ibc/9BBA9A1C257E971E38C1422780CE6F0B0686F0A3085E2D61118D904BFE0F5F5E,86520984,uosmo,0.0
4710311,0,osmo1zmsts6u08t2fp02vs7xpe7csx6hqv0hdmshaz7,Exit,627,131726711969828770,275925,ibc/9BBA9A1C257E971E38C1422780CE6F0B0686F0A3085E2D61118D904BFE0F5F5E,118847,uosmo,5149320000000000.0
4710687,0,osmo1wcmq5uc676lzleph9j68vwc28u33plw5grs69l,Exit,627,39359544227004744309,82451916,ibc/9BBA9A1C257E971E38C1422780CE6F0B0686F0A3085E2D61118D904BFE0F5F5E,35508848,uosmo,5149320000000000.0
4712277,0,osmo1qx46s5gen6c88yaauh9jfttmfgdxnxxsckx0ce,Exit,627,9348652821931269988,19586302,ibc/9BBA9A1C257E971E38C1422780CE6F0B0686F0A3085E2D61118D904BFE0F5F5E,8433015,uosmo,5149320000000000.0
4707396,0,osmo1m59jgm3u5rvxrw8z7q2c6zdd0xt6y0cgw8hcfq,Exit,629,1620713596801832567,136943076174110470600040,ibc/8318FD63C42203D16DDCAF49FE10E8590669B3219A3E87676AC9DA50722687FB,1071986591,uosmo,0.0
4707429,0,osmo1ky7wgt03lwp2sa8fcxgmcd5j49ctwxq2tynnyv,Exit,629,1114753448896793581,94440124438683147401496,ibc/8318FD63C42203D16DDCAF49FE10E8590669B3219A3E87676AC9DA50722687FB,735396275,uosmo,0.0
4707434,0,osmo1ky7wgt03lwp2sa8fcxgmcd5j49ctwxq2tynnyv,Exit,629,1114753448896793581,94440124438683152978605,ibc/8318FD63C42203D16DDCAF49FE10E8590669B3219A3E87676AC9DA50722687FB,735396275,uosmo,0.0
4708581,0,osmo19yjgge664j2csetcnxxjn3hcwf642eadya26dt,Exit,629,94810769441643999,8006545982451645058601,ibc/8318FD63C42203D16DDCAF49FE10E8590669B3219A3E87676AC9DA50722687FB,62749472,uosmo,1.6305038093559084e+16
4708916,0,osmo1ncx0zpzvmwe6f4055943xqjhqnrwh6tp2hg6a3,Exit,629,203504452849782,17127682943552156884,ibc/8318FD63C42203D16DDCAF49FE10E8590669B3219A3E87676AC9DA50722687FB,135123,uosmo,1.0393575524891928e+17
4709149,0,osmo123ymh4h4zjjgujsc4fhmhks32pvmglcj9mkyra,Exit,629,15601115623466422,1309802259110665833037,ibc/8318FD63C42203D16DDCAF49FE10E8590669B3219A3E87676AC9DA50722687FB,10384628,uosmo,1.0592937272711962e+17
4709150,0,osmo1as7ufzy5y8mnuygzx74nk4u3xc3jjgdf5vsfh9,Exit,629,437271556605280,36711430548265013838,ibc/8318FD63C42203D16DDCAF49FE10E8590669B3219A3E87676AC9DA50722687FB,291061,uosmo,1.0592937272711962e+17
4710186,0,osmo1lytkaq224pneqhqj5em70tkldrz76st8grxa5j,Exit,629,2595964988062128,214517454059484254708,ibc/8318FD63C42203D16DDCAF49FE10E8590669B3219A3E87676AC9DA50722687FB,1755460,uosmo,1.9911883646033504e+17
4711959,0,osmo18ve637mup6d3z80qxf0n3d27rvedyxffn04qjq,Exit,629,13478088481492644,1097700791226857684658,ibc/8318FD63C42203D16DDCAF49FE10E8590669B3219A3E87676AC9DA50722687FB,9247355,uosmo,3.262955726525822e+17
4711972,0,osmo134ea3yazv5rfr7ydtdq5czxw0sl4aa2ufrgwyf,Exit,629,62689194149538107,5105618509168728146065,ibc/8318FD63C42203D16DDCAF49FE10E8590669B3219A3E87676AC9DA50722687FB,43011238,uosmo,3.262955726525822e+17
4707606,0,osmo1me8923arytjjtketusxcslvcz66fwyzlle6w96,Exit,631,3252769492852730328,8736,ibc/297C64CC42B5A8D8F82FE2EBE208A6FE8F94B86037FA28C4529A23701C228F7A,116225,uosmo,0.0
4708116,0,osmo16mdmh3lfphnmqzn20c59x75nfhfktfz9wexzep,Exit,631,112168957941490072892,300594,ibc/297C64CC42B5A8D8F82FE2EBE208A6FE8F94B86037FA28C4529A23701C228F7A,4027955,uosmo,1.867782793294208e+21
4709297,0,osmo14z0djyy7v8xkteh5lash3tx9svsfzzavxvn8mv,Exit,631,774063778209849121796,2070977,ibc/297C64CC42B5A8D8F82FE2EBE208A6FE8F94B86037FA28C4529A23701C228F7A,27970543,uosmo,2.0266356865755224e+21
4710178,0,osmo1lytkaq224pneqhqj5em70tkldrz76st8grxa5j,Exit,631,1041186391397907119,2790,ibc/297C64CC42B5A8D8F82FE2EBE208A6FE8F94B86037FA28C4529A23701C228F7A,37323,uosmo,2.1832648915286953e+21
4711547,0,osmo1v4eun5x95rnsa70wz6m3lhyrwz4y49jf0stpev,Exit,631,31928120433889787187,85044,ibc/297C64CC42B5A8D8F82FE2EBE208A6FE8F94B86037FA28C4529A23701C228F7A,1174020,uosmo,2.2332585766291634e+21
4710317,0,osmo1zmsts6u08t2fp02vs7xpe7csx6hqv0hdmshaz7,Exit,637,29172082996911552723,391304013,ibc/346786EA82F41FE55FAD14BF69AD8BA9B36985406E43F3CB23E6C45A285A9593,952199,uosmo,0.0
4708732,0,osmo1g5ynr0lv2pvg0y7t7zr6v8w0qm6zhps5x0egjx,Exit,641,16346521820535844939747,9472798327,ibc/67795E528DF67C5606FC20F824EA39A6EF55BA133F4DC79C90A8C47A0901E17C,251971929,uosmo,3.8604198201895766e+21
4710966,0,osmo1u4ejhe4ak6gdx3ecl24vslc79wyu9zw98jqdf5,Exit,641,528612433220550897020,309584793,ibc/67795E528DF67C5606FC20F824EA39A6EF55BA133F4DC79C90A8C47A0901E17C,8054435,uosmo,2.7361592610476243e+22
4713029,0,osmo1uuvrglz3657fnc75rzn2adv22m4vfrv9c2dfqy,Exit,641,497302700349229019561,285063639,ibc/67795E528DF67C5606FC20F824EA39A6EF55BA133F4DC79C90A8C47A0901E17C,7742163,uosmo,2.766087281106196e+22
4709774,0,osmo1dxh7d7fuvjy43e0557mx6wwe4luyc0s2z0jfec,Exit,643,120671306251900813,137501,ibc/27394FB092D2ECCD56123C74F36E4C1F926001CEADA9CA97EA622B25F41E5EB2,41350118,ibc/67795E528DF67C5606FC20F824EA39A6EF55BA133F4DC79C90A8C47A0901E17C,7.949161656009139e+17
4709840,0,osmo16lln26dtpdd0dyp4g76jaqgde5wc5mc8e2cvy3,Exit,643,98651058445590096,112407,ibc/27394FB092D2ECCD56123C74F36E4C1F926001CEADA9CA97EA622B25F41E5EB2,33805308,ibc/67795E528DF67C5606FC20F824EA39A6EF55BA133F4DC79C90A8C47A0901E17C,7.949161656009139e+17
4709628,0,osmo1qnqwxazzha6lsx2rs2gewu2337uha5lz5uf2yt,Exit,644,1543403952612097718,15910931,ibc/9BCB27203424535B6230D594553F1659C77EC173E36D9CF4759E7186EE747E84,218339,uosmo,0.0
4708115,0,osmo14tfct2avejv3fyv9z0jvrze48ufa53pft2359u,Exit,648,11207717604892473463179,34221163582734266657,ibc/8061A06D3BD4D52C4A28FFECF7150D370393AF0BA661C3776C54FF32836C3961,6360716,uosmo,6.339625750861815e+23
4711586,0,osmo1wfyaqhxsczc4mlgk54trxznmqkld09p79phzqn,Exit,648,28520130403928408775925,87082943836623622193,ibc/8061A06D3BD4D52C4A28FFECF7150D370393AF0BA661C3776C54FF32836C3961,16185536,uosmo,7.149191948812257e+23
4708058,0,osmo149knvmjayx979n9ugg8uugpnnw34p2hxkrg06x,Exit,649,2988425747282655314,371,ibc/F6B691D5F7126579DDC87357B09D653B47FDCE0A3383FF33C8D8B544FE29A8A6,2039494,uosmo,0.0
4708048,0,osmo149knvmjayx979n9ugg8uugpnnw34p2hxkrg06x,Exit,651,127068789467674310,101048870363,ibc/8FEFAE6AECF6E2A255585617F781F35A8D5709A545A804482A261C0C9548A9D3,4782916,uosmo,0.0
4709038,0,osmo1crykcdaxm3u4flnjxq0kmyye7uqy9tcesac6u2,Exit,651,5.25771E+15,4181353636,ibc/8FEFAE6AECF6E2A255585617F781F35A8D5709A545A804482A261C0C9548A9D3,197888,uosmo,0.0
4710330,0,osmo1aavlnvef7tw2a75s72uwyf67gvf5q8n579tduk,Exit,651,420442351083022374,338775245982,ibc/8FEFAE6AECF6E2A255585617F781F35A8D5709A545A804482A261C0C9548A9D3,15619212,uosmo,0.0
4708075,0,osmo16mdmh3lfphnmqzn20c59x75nfhfktfz9wexzep,Exit,658,70627089177669950835939,371331185019,ibc/41999DF04D9441DAC0DF5D8291DF4333FBCBA810FFD63FDCE34FDF41EF37B6F7,77565913517,ibc/B9E0A1A524E98BB407D3CED8720EFEFD186002F90C1B1B7964811DD0CCC12228,0.0
4709565,0,osmo1qnqwxazzha6lsx2rs2gewu2337uha5lz5uf2yt,Exit,658,469197197146320870743,2493495110,ibc/41999DF04D9441DAC0DF5D8291DF4333FBCBA810FFD63FDCE34FDF41EF37B6F7,509796291,ibc/B9E0A1A524E98BB407D3CED8720EFEFD186002F90C1B1B7964811DD0CCC12228,0.0
4709426,0,osmo10k0qxqh39fwk2khv49g0n673kfqwe778f09ffg,Exit,662,4886957650377979,601784783,ibc/41999DF04D9441DAC0DF5D8291DF4333FBCBA810FFD63FDCE34FDF41EF37B6F7,5023,uosmo,7.329240972828681e+18
4708090,0,osmo1szv2gzvmk27sgpeajhtjdmexl38kxpkxxqsed5,Exit,669,35625265365542989018,34070028,ibc/6BDB4C8CCD45033F9604E4B93ED395008A753E01EECD6992E7D1EA23D9D3B788,2244556,uosmo,2.4091566146860303e+18
4712010,0,osmo1c7c8un9v8th406gv6x40nna45pc3gn40gr0dre,Exit,669,115184999512842738210,109675973,ibc/6BDB4C8CCD45033F9604E4B93ED395008A753E01EECD6992E7D1EA23D9D3B788,7282120,uosmo,7.587330044832797e+19
4707868,0,osmo1npuc2enzqhakc45wkref9qa82ha5t5083ewcfv,Exit,674,2245046898914771736,6870651281442361080,ibc/0CD3A0285E1341859B5E86B6AB7682F023D03E97607CCC1DC95706411D866DF7,6135500,uosmo,1.089364250823379e+19
4708042,0,osmo1u8hhzsg9zsn73w66gu4lx547fa9yf67z64jpnq,Exit,674,1232569667022148580964,3777316720708658128946,ibc/0CD3A0285E1341859B5E86B6AB7682F023D03E97607CCC1DC95706411D866DF7,3363689303,uosmo,5.760648116935055e+19
4711080,0,osmo1dnc4p8lt26nsm0ff57gr74mxlmkh4w5thkkaf5,Exit,674,5511637441214249801,17259049770408980840,ibc/0CD3A0285E1341859B5E86B6AB7682F023D03E97607CCC1DC95706411D866DF7,14719705,uosmo,7.712736712357544e+20
4711835,0,osmo1qz02x57fyjdzs5emzx4mvvgx8vpgv7ft9apak4,Exit,674,152961739423769851127,478641583968143300950,ibc/0CD3A0285E1341859B5E86B6AB7682F023D03E97607CCC1DC95706411D866DF7,408803175,uosmo,7.828577422691722e+20
4707388,0,osmo1wnc5emxmftn2kzrjpftu8eyraffc5cwftgp65n,Exit,678,1E+17,478510,ibc/D189335C6E4A68B513C10AB227BF1C1D38C746766278BA3EEB4FB14124F1D858,428475,uosmo,28822519257694.0
4707518,0,osmo1w69hvwaqn23kmyx4vw7lgwgwu0ssyh7wu2hu5y,Exit,678,30747991637649960883,150977778,ibc/D189335C6E4A68B513C10AB227BF1C1D38C746766278BA3EEB4FB14124F1D858,135237229,uosmo,4.023557003422241e+19
4707796,0,osmo1t2e08me8mw502cgsxfrgk8hp48saqheaw3g9jq,Exit,678,25483673306008733799,125429531,ibc/D189335C6E4A68B513C10AB227BF1C1D38C746766278BA3EEB4FB14124F1D858,111815301,uosmo,6.9163812097111425e+19
4707797,0,osmo1nygfrjwr5a0vzgdpsnsexkjprcd49vs8md86ck,Exit,678,16234612262368446469,79906054,ibc/D189335C6E4A68B513C10AB227BF1C1D38C746766278BA3EEB4FB14124F1D858,71232983,uosmo,6.9163812097111425e+19
4707855,0,osmo135xvlsvganznl8hsjnh4vxflqdzyc4zhx6hhg8,Exit,678,68408401471539085446,336595276,ibc/D189335C6E4A68B513C10AB227BF1C1D38C746766278BA3EEB4FB14124F1D858,300252821,uosmo,7.694992413997921e+19
4707872,0,osmo1npuc2enzqhakc45wkref9qa82ha5t5083ewcfv,Exit,678,65761810370576115747,323564426,ibc/D189335C6E4A68B513C10AB227BF1C1D38C746766278BA3EEB4FB14124F1D858,288638459,uosmo,1.3744090812560382e+20
4707953,0,osmo15cza2urz6zpr6tg7zkvt82rv2q0v0cw435jgcx,Exit,678,221172775361064932101,1088720495,ibc/D189335C6E4A68B513C10AB227BF1C1D38C746766278BA3EEB4FB14124F1D858,970297187,uosmo,2.2156183932294588e+20
4708003,0,osmo1qt96seyh5f2lyywrpnwpvjz7c8gplzmtqvj2ht,Exit,678,20691450308299715780,101870410,ibc/D189335C6E4A68B513C10AB227BF1C1D38C746766278BA3EEB4FB14124F1D858,90759303,uosmo,2.218014950128378e+20
4708074,0,osmo1jg9wr5u9cm04g0sswegskg3tawgylem6sndy5y,Exit,678,423332209227477499,2085475,ibc/D189335C6E4A68B513C10AB227BF1C1D38C746766278BA3EEB4FB14124F1D858,1855733,uosmo,2.282093785469446e+20
4708112,0,osmo1trc5cehaqgsw74x3d0xekf0k4e0xs80w95cvh0,Exit,678,128328715756498102,632682,ibc/D189335C6E4A68B513C10AB227BF1C1D38C746766278BA3EEB4FB14124F1D858,562096,uosmo,2.98357142310206e+20
4708140,0,osmo1d2jqp78s7re34v4ytrj6nu98rwq98ywqtnsrww,Exit,678,265088907058274036,1309038,ibc/D189335C6E4A68B513C10AB227BF1C1D38C746766278BA3EEB4FB14124F1D858,1159262,uosmo,2.986257548425324e+20
4708299,0,osmo1w8sfjgtkq5vg0u2pks22fsvdlnpjtd5fnpkduh,Exit,678,30492751253646686636,150665642,ibc/D189335C6E4A68B513C10AB227BF1C1D38C746766278BA3EEB4FB14124F1D858,133268018,uosmo,3.520177248705968e+20
4708389,0,osmo1pa0kkk5gnp7awaf88lvsh7aw3fwvmnm865czje,Exit,678,430898232866306471,2130172,ibc/D189335C6E4A68B513C10AB227BF1C1D38C746766278BA3EEB4FB14124F1D858,1882279,uosmo,3.5227569931696203e+20
4708473,0,osmo1hf70zntf5pw99npkegrezn0v78mfvp4crj5xjj,Exit,678,14250605908387866661,70384470,ibc/D189335C6E4A68B513C10AB227BF1C1D38C746766278BA3EEB4FB14124F1D858,62306994,uosmo,3.791470394122536e+20
4708477,0,osmo13xh7vcswrptj0tafvd6m8m3td803pjxj2h69mn,Exit,678,1802507283941488591,8902683,ibc/D189335C6E4A68B513C10AB227BF1C1D38C746766278BA3EEB4FB14124F1D858,7880977,uosmo,3.791470394122536e+20
4708566,0,osmo1tepmnj43qy30t3aa0e9vfgllw6xjer382d55hy,Exit,678,1327624038396541662090,6563001735,ibc/D189335C6E4A68B513C10AB227BF1C1D38C746766278BA3EEB4FB14124F1D858,5799579858,uosmo,3.7946982988892366e+20
4708581,0,osmo1eqdj7jsa0ypvxdvwert6s2sf8qqux6vs2hady4,Exit,678,8030798808267325304,39692196,ibc/D189335C6E4A68B513C10AB227BF1C1D38C746766278BA3EEB4FB14124F1D858,35088269,uosmo,3.7946982988892366e+20
4708621,0,osmo17g8qhml8a3v3gtesj80e0xae0unj86klm9xpet,Exit,678,8589983404690689280,42494537,ibc/D189335C6E4A68B513C10AB227BF1C1D38C746766278BA3EEB4FB14124F1D858,37497059,uosmo,4.144418889514851e+20
4708789,0,osmo1adzlr4t3cky4x5m9pg8y9nuavhxl8hyyxwduhd,Exit,678,8753687929351752377,43282862,ibc/D189335C6E4A68B513C10AB227BF1C1D38C746766278BA3EEB4FB14124F1D858,38230626,uosmo,4.395740078285971e+20
4708803,0,osmo14hg3dtn0gc0dadmjth7hhpmtxnlwdepyh7mxue,Exit,678,11723987114381945127,57970159,ibc/D189335C6E4A68B513C10AB227BF1C1D38C746766278BA3EEB4FB14124F1D858,51202542,uosmo,4.395740078285971e+20
4708847,0,osmo10xnqv49h7hh0gfspl7pq6w5nfqtkvj4rxzhel9,Exit,678,1245133317681198930044,6159192479,ibc/D189335C6E4A68B513C10AB227BF1C1D38C746766278BA3EEB4FB14124F1D858,5435658140,uosmo,4.5100868756072903e+20
4708858,0,osmo1wde6kapm6w2ed338fe27s7763u2puykypp7sqk,Exit,678,9122177283866437679,45148150,ibc/D189335C6E4A68B513C10AB227BF1C1D38C746766278BA3EEB4FB14124F1D858,39801709,uosmo,4.5100868756072903e+20
4708903,0,osmo1xczaaw2mlddu2f5jz05xg27cr9lku2kxun8tf6,Exit,678,1911110511503210339,9478380,ibc/D189335C6E4A68B513C10AB227BF1C1D38C746766278BA3EEB4FB14124F1D858,8321202,uosmo,4.5413720412506974e+20
4708942,0,osmo1eh0vums0v89mpulj6uykt8k7g70nvwxcycq47m,Exit,678,8413735831733919174,41817046,ibc/D189335C6E4A68B513C10AB227BF1C1D38C746766278BA3EEB4FB14124F1D858,36557241,uosmo,4.657225599428836e+20
4709283,0,osmo127rxtmsja3jses3dhq7nj2stkq53j3cw27yjlu,Exit,678,74525066839341440968,372301441,ibc/D189335C6E4A68B513C10AB227BF1C1D38C746766278BA3EEB4FB14124F1D858,322160901,uosmo,4.785973037194695e+20
4710219,0,osmo10hseevv04h4vlae36edzeeaa4km582ryq5anyu,Exit,678,29356863729299426807,147157102,ibc/D189335C6E4A68B513C10AB227BF1C1D38C746766278BA3EEB4FB14124F1D858,126482129,uosmo,4.963496925484069e+20
4711061,0,osmo1l33nmyxr5tkwc6hmp259zgk5c58j2zyjj8xn73,Exit,678,45796379327633566092,230254926,ibc/D189335C6E4A68B513C10AB227BF1C1D38C746766278BA3EEB4FB14124F1D858,196725401,uosmo,6.576990152231374e+20
4711831,0,osmo1qz02x57fyjdzs5emzx4mvvgx8vpgv7ft9apak4,Exit,678,80405326253238471895,404209400,ibc/D189335C6E4A68B513C10AB227BF1C1D38C746766278BA3EEB4FB14124F1D858,345406341,uosmo,1.0295938870996858e+21
4712236,0,osmo1ucnayk6wfhhhuy4n392av40sj8getfvq9ssp3h,Exit,678,3382868925372991349,16947404,ibc/D189335C6E4A68B513C10AB227BF1C1D38C746766278BA3EEB4FB14124F1D858,14582423,uosmo,1.1119909819904184e+21
4712419,0,osmo1ucnayk6wfhhhuy4n392av40sj8getfvq9ssp3h,Exit,678,3349040236119261436,16790551,ibc/D189335C6E4A68B513C10AB227BF1C1D38C746766278BA3EEB4FB14124F1D858,14425694,uosmo,1.1698540063113858e+21
4712424,0,osmo1ucnayk6wfhhhuy4n392av40sj8getfvq9ssp3h,Exit,678,33828689253729913,169540,ibc/D189335C6E4A68B513C10AB227BF1C1D38C746766278BA3EEB4FB14124F1D858,145765,uosmo,1.1698540063113858e+21
4712835,0,osmo1rrrlpgf7fnlcs2ehh6dyesgs5v6pxdur3ycm3n,Exit,678,246723582850659620800,1227207308,ibc/D189335C6E4A68B513C10AB227BF1C1D38C746766278BA3EEB4FB14124F1D858,1071096201,uosmo,1.6849222882510452e+21
4708076,0,osmo1mk2m99mjjujrwzskm2nfxty40jvfzhaguwurm3,Exit,679,2627933470574049742,8458607777723828481,ibc/0E43EDE2E2A3AFA36D0CD38BDDC0B49FECA64FA426A82E102F304E430ECF46EE,7447922,ibc/8242AD24008032E457D2E12D46588FD39FB54FB29680C6C7663D296B383C37C4,0.0
4708312,0,osmo1uj3m5ly0qfwx3tkzgnk55hrektr56d05yn5chs,Exit,679,2647386461206223737,8525347669289082890,ibc/0E43EDE2E2A3AFA36D0CD38BDDC0B49FECA64FA426A82E102F304E430ECF46EE,7506687,ibc/8242AD24008032E457D2E12D46588FD39FB54FB29680C6C7663D296B383C37C4,0.0
4708344,0,osmo16um4rgfg3aqassjg6cmkuw90hgvshrwmzev7hj,Exit,679,2674087770694634275,8611333584058113654,ibc/0E43EDE2E2A3AFA36D0CD38BDDC0B49FECA64FA426A82E102F304E430ECF46EE,7582399,ibc/8242AD24008032E457D2E12D46588FD39FB54FB29680C6C7663D296B383C37C4,0.0
4708352,0,osmo1w8sfjgtkq5vg0u2pks22fsvdlnpjtd5fnpkduh,Exit,679,13150164303115667494,42347320361098774878,ibc/0E43EDE2E2A3AFA36D0CD38BDDC0B49FECA64FA426A82E102F304E430ECF46EE,37287409,ibc/8242AD24008032E457D2E12D46588FD39FB54FB29680C6C7663D296B383C37C4,0.0
4708380,0,osmo1qk35qaj0qen70pz70q6f4uwrqw6dpkdhxlfn46,Exit,679,2655449637407897230,8559726507249793000,ibc/0E43EDE2E2A3AFA36D0CD38BDDC0B49FECA64FA426A82E102F304E430ECF46EE,7536958,ibc/8242AD24008032E457D2E12D46588FD39FB54FB29680C6C7663D296B383C37C4,0.0
4708422,0,osmo1pa0kkk5gnp7awaf88lvsh7aw3fwvmnm865czje,Exit,679,407028400207060571,1312682808446650909,ibc/0E43EDE2E2A3AFA36D0CD38BDDC0B49FECA64FA426A82E102F304E430ECF46EE,1155835,ibc/8242AD24008032E457D2E12D46588FD39FB54FB29680C6C7663D296B383C37C4,0.0
4708489,0,osmo1hf70zntf5pw99npkegrezn0v78mfvp4crj5xjj,Exit,679,6578057565396743451,21214497746781549365,ibc/0E43EDE2E2A3AFA36D0CD38BDDC0B49FECA64FA426A82E102F304E430ECF46EE,18557435,ibc/8242AD24008032E457D2E12D46588FD39FB54FB29680C6C7663D296B383C37C4,0.0
4708591,0,osmo1eqdj7jsa0ypvxdvwert6s2sf8qqux6vs2hady4,Exit,679,1312495517388287221,4272501376532373555,ibc/0E43EDE2E2A3AFA36D0CD38BDDC0B49FECA64FA426A82E102F304E430ECF46EE,3742366,ibc/8242AD24008032E457D2E12D46588FD39FB54FB29680C6C7663D296B383C37C4,0.0
4708643,0,osmo17g8qhml8a3v3gtesj80e0xae0unj86klm9xpet,Exit,679,3951156140705858640,12862002061273281926,ibc/0E43EDE2E2A3AFA36D0CD38BDDC0B49FECA64FA426A82E102F304E430ECF46EE,11266079,ibc/8242AD24008032E457D2E12D46588FD39FB54FB29680C6C7663D296B383C37C4,0.0
4708798,0,osmo1adzlr4t3cky4x5m9pg8y9nuavhxl8hyyxwduhd,Exit,679,3950409520648621897,12859571626136528586,ibc/0E43EDE2E2A3AFA36D0CD38BDDC0B49FECA64FA426A82E102F304E430ECF46EE,11263949,ibc/8242AD24008032E457D2E12D46588FD39FB54FB29680C6C7663D296B383C37C4,0.0
4708870,0,osmo1wde6kapm6w2ed338fe27s7763u2puykypp7sqk,Exit,679,3941807475184610366,12831448955168083156,ibc/0E43EDE2E2A3AFA36D0CD38BDDC0B49FECA64FA426A82E102F304E430ECF46EE,11239422,ibc/8242AD24008032E457D2E12D46588FD39FB54FB29680C6C7663D296B383C37C4,0.0
4708951,0,osmo1eh0vums0v89mpulj6uykt8k7g70nvwxcycq47m,Exit,679,3950767275825600993,12860615073832474848,ibc/0E43EDE2E2A3AFA36D0CD38BDDC0B49FECA64FA426A82E102F304E430ECF46EE,11264970,ibc/8242AD24008032E457D2E12D46588FD39FB54FB29680C6C7663D296B383C37C4,0.0
4709814,0,osmo1daagqxzrng4cupt6yv9alssu2dpjvvek7uf2pg,Exit,679,2560291134335266037,8359877343637738185,ibc/0E43EDE2E2A3AFA36D0CD38BDDC0B49FECA64FA426A82E102F304E430ECF46EE,7259139,ibc/8242AD24008032E457D2E12D46588FD39FB54FB29680C6C7663D296B383C37C4,0.0
4709817,0,osmo1pquw8s67qykzx9swmhkgzrtaxke00ak20wckrk,Exit,679,4887213866809525589,15957758838727053381,ibc/0E43EDE2E2A3AFA36D0CD38BDDC0B49FECA64FA426A82E102F304E430ECF46EE,13856614,ibc/8242AD24008032E457D2E12D46588FD39FB54FB29680C6C7663D296B383C37C4,0.0
4709821,0,osmo1daagqxzrng4cupt6yv9alssu2dpjvvek7uf2pg,Exit,679,2560291134335266036,8359877343637727988,ibc/0E43EDE2E2A3AFA36D0CD38BDDC0B49FECA64FA426A82E102F304E430ECF46EE,7259139,ibc/8242AD24008032E457D2E12D46588FD39FB54FB29680C6C7663D296B383C37C4,0.0
4707558,0,osmo1sx2qexffa63d6hda8zt6zfx7gm0hvdkfwq83fe,Exit,690,49397834613399964841,81992350,ibc/CBA34207E969623D95D057D9B11B0C8B32B89A71F170577D982FDDE623813FFC,6189880,uosmo,3.5250349033819515e+18
4707707,0,osmo1n96h5da774swdtq3mxs60psfvc9vsuna7zxq7h,Exit,690,155216249191037625480,257640759,ibc/CBA34207E969623D95D057D9B11B0C8B32B89A71F170577D982FDDE623813FFC,19449105,uosmo,3.5250349033819515e+18
4708040,0,osmo1nvn4sfc3r2d69c7v0j9v7ak87xepz9q59a6ug0,Exit,690,1528018611445107839,2537464,ibc/CBA34207E969623D95D057D9B11B0C8B32B89A71F170577D982FDDE623813FFC,191366,uosmo,9.239111053724184e+19
4708151,0,osmo18kfhd6arnhmv3swlr7ctge27v3tx98lj9uy086,Exit,690,106633853843836312470,176864216,ibc/CBA34207E969623D95D057D9B11B0C8B32B89A71F170577D982FDDE623813FFC,13370771,uosmo,1.0485774345370247e+20
4708743,0,osmo1gqylk9jknp043qd79thldxalz6vhnr4txtn7u4,Exit,690,10631401184939005395,16021745,ibc/CBA34207E969623D95D057D9B11B0C8B32B89A71F170577D982FDDE623813FFC,1368279,uosmo,1.0062539882435904e+23
4708832,0,osmo1lt3cmjpzsd7lga33mxngw7fq87f3p7pcs93573,Exit,690,544146231127204769,820158,ibc/CBA34207E969623D95D057D9B11B0C8B32B89A71F170577D982FDDE623813FFC,70021,uosmo,1.0063297447211053e+23
4709053,0,osmo1k278k46nsvnc9ahx0n94qwt9qul7vea6wg6khg,Exit,690,2034371451623796656,3066651,ibc/CBA34207E969623D95D057D9B11B0C8B32B89A71F170577D982FDDE623813FFC,261752,uosmo,1.006555212446713e+23
4709091,0,osmo1dnd9x05al22mns9s0vwqumjfnvrlj7fhpcvs9m,Exit,690,29476973130053626522,44436547,ibc/CBA34207E969623D95D057D9B11B0C8B32B89A71F170577D982FDDE623813FFC,3792262,uosmo,1.0072666370026725e+23
4709157,0,osmo128mhm8efuaa5yhadtt8476xds7azrr28ys9659,Exit,690,29389837107399577358,44307932,ibc/CBA34207E969623D95D057D9B11B0C8B32B89A71F170577D982FDDE623813FFC,3780791,uosmo,1.0073652245293028e+23
4709242,0,osmo13n7wdmcw863qzrxrffupfk26ht3au7yw7r7en2,Exit,690,3573433217258663153,5387722,ibc/CBA34207E969623D95D057D9B11B0C8B32B89A71F170577D982FDDE623813FFC,459656,uosmo,1.0074298922619255e+23
4709292,0,osmo1qp749jf5nf8cgs374prymzsm8pl8xjgafjkpqd,Exit,690,78240488519679022813,117927368,ibc/CBA34207E969623D95D057D9B11B0C8B32B89A71F170577D982FDDE623813FFC,10066228,uosmo,1.0090591640566412e+23
4709394,0,osmo1xghme9epu0z4x9tr55uspcdxn0wvcgt5h8tzkw,Exit,690,29299008063816046822,44163591,ibc/CBA34207E969623D95D057D9B11B0C8B32B89A71F170577D982FDDE623813FFC,3769139,uosmo,1.0096269998619124e+23
4709715,0,osmo1dxh7d7fuvjy43e0557mx6wwe4luyc0s2z0jfec,Exit,690,1145477131592493329,1727153,ibc/CBA34207E969623D95D057D9B11B0C8B32B89A71F170577D982FDDE623813FFC,147307,uosmo,1.0101162452055855e+23
4709755,0,osmo1zr468gqug3cs44wwm505uvnkwp3f7utjw3y8nn,Exit,690,48630127489298919224,73325096,ibc/CBA34207E969623D95D057D9B11B0C8B32B89A71F170577D982FDDE623813FFC,6253801,uosmo,1.0101162452055855e+23
4709916,0,osmo14k6cvka848s62sx8rup5zmdh80lza88zr64nvd,Exit,690,7639402399017440433,11520479,ibc/CBA34207E969623D95D057D9B11B0C8B32B89A71F170577D982FDDE623813FFC,982276,uosmo,1.010125929280655e+23
4709929,0,osmo1qhv8vyl4gmmz69ggz72ktxa2pc34hvsc77cu7n,Exit,690,1143104308188394010,1723831,ibc/CBA34207E969623D95D057D9B11B0C8B32B89A71F170577D982FDDE623813FFC,146981,uosmo,1.0101342429183942e+23
4709934,0,osmo1ztf98y3uenpj2hd6675ekc4ghmvrf7gedrv922,Exit,690,37094787557461225165,55939920,ibc/CBA34207E969623D95D057D9B11B0C8B32B89A71F170577D982FDDE623813FFC,4769682,uosmo,1.0101342429183942e+23
4710150,0,osmo14q809c4fhnvqktpeef4nz8lk7hgsqxwj2u5x0k,Exit,690,1888957462562237668,2848819,ibc/CBA34207E969623D95D057D9B11B0C8B32B89A71F170577D982FDDE623813FFC,242861,uosmo,1.0103026714985009e+23
4710726,0,osmo1kvh8vw857jkj7quzauq7a87g2gst4h9dccyql7,Exit,690,52562701807094556899,79331466,ibc/CBA34207E969623D95D057D9B11B0C8B32B89A71F170577D982FDDE623813FFC,6751211,uosmo,1.0138677460657583e+23
4710995,0,osmo1ayr66pd4strevwduwc4dprdzn4dr4a6g6huylq,Exit,690,293787545548276645,443272,ibc/CBA34207E969623D95D057D9B11B0C8B32B89A71F170577D982FDDE623813FFC,37745,uosmo,1.0138677460657583e+23
4711728,0,osmo1pm20hdsf455uuxkqsyml8x630lte7jhew4uvct,Exit,690,20582609503721512456,31216216,ibc/CBA34207E969623D95D057D9B11B0C8B32B89A71F170577D982FDDE623813FFC,2630789,uosmo,1.0142392470724601e+23
4712345,0,osmo10g3hzsme335q8r2g3p4y3x7s2pv587fwmpmsk7,Exit,690,28936683195071364606,43924337,ibc/CBA34207E969623D95D057D9B11B0C8B32B89A71F170577D982FDDE623813FFC,3695374,uosmo,1.0142456757243362e+23
4712392,0,osmo1575dcet8r0pnz34f3c7dr97l2j8rl08vratfm6,Exit,690,75436141629428599,114506,ibc/CBA34207E969623D95D057D9B11B0C8B32B89A71F170577D982FDDE623813FFC,9633,uosmo,1.0142456757243362e+23
4707441,0,osmo1kw6ktgk0lc9z28yrqgshmlksm8cauemwtl98gl,Exit,704,453614046114880281,3385278493890927,ibc/EA1D43981D5C9A1C4AAEA9C23BB1D4FA126BA9BC7020A25E0AE4AA841EA25DC5,5397242,uosmo,0.0
4707505,0,osmo1w69hvwaqn23kmyx4vw7lgwgwu0ssyh7wu2hu5y,Exit,704,6898407298396358576,51482227177588865,ibc/EA1D43981D5C9A1C4AAEA9C23BB1D4FA126BA9BC7020A25E0AE4AA841EA25DC5,82079314,uosmo,6.895307801758276e+19
4707583,0,osmo1usckzz6h4fkcknv4nkr2apqs4c4fwzc58gjek8,Exit,704,187887627182611375495,1402208800720659529,ibc/EA1D43981D5C9A1C4AAEA9C23BB1D4FA126BA9BC7020A25E0AE4AA841EA25DC5,2235510375,uosmo,6.9345624939540324e+19
4708137,0,osmo18v85clkgwzvuugp03xf4e4etl5qqqtc7mxzv56,Exit,704,314115220307725346,2349726914006738,ibc/EA1D43981D5C9A1C4AAEA9C23BB1D4FA126BA9BC7020A25E0AE4AA841EA25DC5,3722039,uosmo,8.710733337380066e+20
4708269,0,osmo13tz2c803xy089usw069vmga8lfurf5a5mmtjru,Exit,704,3670894485375041888,27453564256450780,ibc/EA1D43981D5C9A1C4AAEA9C23BB1D4FA126BA9BC7020A25E0AE4AA841EA25DC5,43506700,uosmo,8.82598983757542e+20
4710874,0,osmo1fkhgf745spwsjxt3j3vd59pwhrt3cank30e3l9,Exit,704,18190537853912063838,136781140406554754,ibc/EA1D43981D5C9A1C4AAEA9C23BB1D4FA126BA9BC7020A25E0AE4AA841EA25DC5,214410245,uosmo,9.771439255978692e+20
4712058,0,osmo192n69zgxvue8kjmqa5zaa5rdkysfkzwqluyre2,Exit,704,419758324239043372776,3172479960778254016,ibc/EA1D43981D5C9A1C4AAEA9C23BB1D4FA126BA9BC7020A25E0AE4AA841EA25DC5,4922247233,uosmo,1.0192298735378387e+21
4712185,0,osmo1k3zhx2vn7s24wnf2456frnc7wcrjnw7wtta6y0,Exit,704,2444050311879078865,18455979672098240,ibc/EA1D43981D5C9A1C4AAEA9C23BB1D4FA126BA9BC7020A25E0AE4AA841EA25DC5,28681897,uosmo,1.0622720612271066e+21
4707532,0,osmo1ptektdahwjdlh5s58u0p2yxn22jjfqcjc4e4yr,Exit,712,1E+19,268173,ibc/D1542AA8762DB13087D8364F3EA6509FD6F009A34F00426AF9E4F9FA85CBBF1F,71976366,uosmo,8.747609774709798e+20
4708148,0,osmo1d2jqp78s7re34v4ytrj6nu98rwq98ywqtnsrww,Exit,712,11084526182694923,297,ibc/D1542AA8762DB13087D8364F3EA6509FD6F009A34F00426AF9E4F9FA85CBBF1F,79508,uosmo,1.1902114945812249e+21
4708737,0,osmo1makt48wmuq53wpm2jp55u5v6hhcatxk439knjt,Exit,712,3739073256859802659,100537,ibc/D1542AA8762DB13087D8364F3EA6509FD6F009A34F00426AF9E4F9FA85CBBF1F,26822279,uosmo,1.3072176734757016e+21
4708891,0,osmo1a944h7gug7r2ad9l2usdm8zmm0mmxak9r0ltvj,Exit,712,263034612712580735,7067,ibc/D1542AA8762DB13087D8364F3EA6509FD6F009A34F00426AF9E4F9FA85CBBF1F,1887848,uosmo,1.3861734200622074e+21
4708919,0,osmo1slhv6gxg5h48gghf2jwjm64w8t7edynppqp2vx,Exit,712,84556897353090080018,2271508,ibc/D1542AA8762DB13087D8364F3EA6509FD6F009A34F00426AF9E4F9FA85CBBF1F,607048340,uosmo,1.3861734200622074e+21
4711894,0,osmo1m2wjpcc9lvspndvuwnk3d9zml9s76v7vd679qz,Exit,712,6102643151800385554,161481,ibc/D1542AA8762DB13087D8364F3EA6509FD6F009A34F00426AF9E4F9FA85CBBF1F,43016623,uosmo,2.1529791049859384e+22
4707396,0,osmo1me3hg2l74zn5ag9y879u7re4cp4dxea9h5d45s,Exit,719,233690835709623035221,10174964,ibc/A0CC0CF735BFB30E730C70019D4218A1244FF383503FF7579C9201AB93CA9293,5844115,ibc/D189335C6E4A68B513C10AB227BF1C1D38C746766278BA3EEB4FB14124F1D858,0.0
4708127,0,osmo1w7wl545shmmlwwqhdwcju7er45nadq4cuu5l5w,Exit,719,906602189684284278771,39369559,ibc/A0CC0CF735BFB30E730C70019D4218A1244FF383503FF7579C9201AB93CA9293,22678193,ibc/D189335C6E4A68B513C10AB227BF1C1D38C746766278BA3EEB4FB14124F1D858,9.18044922733426e+22
4708033,0,osmo1swhkyme264u7r5k7vuy78femtes55dkpqw5z73,Exit,722,261870536011032810590,26604828063105905008,ibc/6AE98883D4D5D5FF9E50D7130F1305DA2FFA0C652D1DD9C123657C6B4EB2DF8A,51357618,uosmo,2.6962935468998803e+21
4712745,0,osmo1za2zsg54554pvtpvxl0nz5uztnmhfncu5vtfrv,Exit,722,102998597647103,11347472732806,ibc/6AE98883D4D5D5FF9E50D7130F1305DA2FFA0C652D1DD9C123657C6B4EB2DF8A,17,uosmo,1.7435501049493592e+22
4712761,0,osmo1za2zsg54554pvtpvxl0nz5uztnmhfncu5vtfrv,Exit,722,48817762567986,5383184626694,ibc/6AE98883D4D5D5FF9E50D7130F1305DA2FFA0C652D1DD9C123657C6B4EB2DF8A,7,uosmo,1.7435501049493592e+22
4712771,0,osmo1za2zsg54554pvtpvxl0nz5uztnmhfncu5vtfrv,Exit,722,21697584928749,2392614890101,ibc/6AE98883D4D5D5FF9E50D7130F1305DA2FFA0C652D1DD9C123657C6B4EB2DF8A,2,uosmo,1.7435501049493592e+22
4712803,0,osmo1lhxpf027r3cje4aa5zc3c29synvj2ldyllxf6s,Exit,722,4415781661148879007,487062506811169102,ibc/6AE98883D4D5D5FF9E50D7130F1305DA2FFA0C652D1DD9C123657C6B4EB2DF8A,792703,uosmo,1.7435501049493592e+22
4712819,0,osmo1lhxpf027r3cje4aa5zc3c29synvj2ldyllxf6s,Exit,722,2205903500523339126,243332370690086235,ibc/6AE98883D4D5D5FF9E50D7130F1305DA2FFA0C652D1DD9C123657C6B4EB2DF8A,395962,uosmo,1.7435501049493592e+22
4712959,0,osmo1za2zsg54554pvtpvxl0nz5uztnmhfncu5vtfrv,Exit,722,92174161906997,10148643193001,ibc/6AE98883D4D5D5FF9E50D7130F1305DA2FFA0C652D1DD9C123657C6B4EB2DF8A,16,uosmo,1.747895713131933e+22
4708520,0,osmo1ymvkf7cm8ls4pn0wcx4avcludmu6udrlmlyje4,Exit,730,2210227125590110917,1941804,ibc/57AA1A70A4BC9769C525EBF6386F7A21536E04A79D62E1981EFCEF9428EBB205,4586783,uosmo,0.0
